race_id,race_date,predicted,actual,is_hit,payout,investment
20240402_01,2024-04-02,"(3, 8, 7)","(8, 9, 3)",False,0,100
20240402_02,2024-04-02,"(7, 10, 1)","(7, 1, 4)",False,0,100
20240402_04,2024-04-02,"(7, 4, 5)","(7, 5, 2)",False,0,100
20240402_05,2024-04-02,"(2, 4, 5)","(2, 4, 7)",False,0,100
20240402_06,2024-04-02,"(2, 1, 6)","(2, 1, 3)",False,0,100
20240402_07,2024-04-02,"(8, 4, 7)","(4, 8, 1)",False,0,100
20240402_08,2024-04-02,"(3, 2, 6)","(6, 8, 2)",False,0,100
20240402_09,2024-04-02,"(8, 9, 3)","(8, 6, 3)",False,0,100
20240402_10,2024-04-02,"(7, 3, 6)","(3, 7, 5)",False,0,100
20240402_11,2024-04-02,"(1, 3, 5)","(1, 3, 6)",False,0,100
20240403_01,2024-04-03,"(5, 9, 3)","(2, 3, 6)",False,0,100
20240403_02,2024-04-03,"(4, 1, 7)","(4, 7, 6)",False,0,100
20240403_03,2024-04-03,"(6, 5, 1)","(6, 1, 2)",False,0,100
20240403_04,2024-04-03,"(1, 6, 5)","(6, 5, 2)",False,0,100
20240403_05,2024-04-03,"(7, 6, 8)","(7, 8, 6)",False,0,100
20240403_06,2024-04-03,"(7, 9, 2)","(7, 1, 9)",False,0,100
20240403_07,2024-04-03,"(7, 8, 4)","(8, 7, 2)",False,0,100
20240403_08,2024-04-03,"(8, 6, 3)","(8, 4, 6)",False,0,100
20240403_09,2024-04-03,"(4, 7, 6)","(7, 4, 6)",False,0,100
20240403_10,2024-04-03,"(2, 7, 3)","(2, 7, 3)",True,690,100
20240403_11,2024-04-03,"(9, 5, 7)","(9, 5, 7)",True,130,100
20240408_01,2024-04-08,"(3, 8, 9)","(6, 3, 1)",False,0,100
20240408_02,2024-04-08,"(3, 4, 8)","(3, 8, 4)",False,0,100
20240408_03,2024-04-08,"(7, 3, 8)","(7, 2, 6)",False,0,100
20240408_04,2024-04-08,"(5, 1, 8)","(5, 7, 3)",False,0,100
20240408_05,2024-04-08,"(4, 2, 9)","(4, 1, 6)",False,0,100
20240408_06,2024-04-08,"(6, 1, 9)","(6, 7, 10)",False,0,100
20240408_07,2024-04-08,"(1, 6, 7)","(1, 7, 6)",False,0,100
20240408_08,2024-04-08,"(5, 4, 2)","(5, 4, 6)",False,0,100
20240408_09,2024-04-08,"(7, 10, 4)","(7, 10, 3)",False,0,100
20240408_10,2024-04-08,"(9, 1, 10)","(3, 4, 1)",False,0,100
20240408_11,2024-04-08,"(9, 3, 7)","(9, 3, 6)",False,0,100
20240409_01,2024-04-09,"(2, 8, 3)","(3, 2, 8)",False,0,100
20240409_02,2024-04-09,"(7, 1, 3)","(3, 1, 7)",False,0,100
20240409_03,2024-04-09,"(8, 9, 7)","(9, 5, 8)",False,0,100
20240409_04,2024-04-09,"(2, 1, 4)","(3, 2, 4)",False,0,100
20240409_05,2024-04-09,"(5, 2, 6)","(2, 5, 8)",False,0,100
20240409_06,2024-04-09,"(7, 2, 3)","(7, 3, 1)",False,0,100
20240409_07,2024-04-09,"(3, 4, 7)","(4, 7, 3)",False,0,100
20240409_08,2024-04-09,"(8, 1, 3)","(8, 3, 1)",False,0,100
20240409_09,2024-04-09,"(4, 2, 10)","(2, 10, 1)",False,0,100
20240409_10,2024-04-09,"(9, 3, 7)","(9, 3, 7)",True,140,100
20240409_11,2024-04-09,"(4, 3, 6)","(4, 6, 3)",False,0,100
20240415_01,2024-04-15,"(2, 4, 7)","(2, 3, 4)",False,0,100
20240415_02,2024-04-15,"(3, 6, 5)","(3, 2, 5)",False,0,100
20240415_03,2024-04-15,"(3, 1, 5)","(1, 3, 2)",False,0,100
20240415_04,2024-04-15,"(6, 4, 7)","(5, 8, 2)",False,0,100
20240415_05,2024-04-15,"(4, 7, 5)","(4, 1, 5)",False,0,100
20240415_06,2024-04-15,"(1, 6, 7)","(7, 10, 8)",False,0,100
20240415_07,2024-04-15,"(3, 2, 8)","(3, 4, 1)",False,0,100
20240415_08,2024-04-15,"(6, 2, 1)","(6, 2, 1)",True,640,100
20240415_09,2024-04-15,"(3, 6, 2)","(5, 1, 2)",False,0,100
20240415_10,2024-04-15,"(4, 7, 8)","(4, 7, 3)",False,0,100
20240415_11,2024-04-15,"(5, 10, 1)","(8, 10, 5)",False,0,100
20240416_01,2024-04-16,"(7, 4, 1)","(4, 7, 1)",False,0,100
20240416_02,2024-04-16,"(3, 6, 2)","(5, 2, 1)",False,0,100
20240416_03,2024-04-16,"(2, 7, 3)","(2, 5, 4)",False,0,100
20240416_04,2024-04-16,"(4, 5, 6)","(4, 2, 7)",False,0,100
20240416_05,2024-04-16,"(4, 2, 5)","(4, 2, 5)",True,390,100
20240416_06,2024-04-16,"(2, 1, 5)","(2, 3, 5)",False,0,100
20240416_07,2024-04-16,"(8, 3, 6)","(8, 5, 3)",False,0,100
20240416_08,2024-04-16,"(2, 3, 8)","(3, 4, 2)",False,0,100
20240416_09,2024-04-16,"(5, 4, 3)","(3, 4, 5)",False,0,100
20240416_10,2024-04-16,"(6, 3, 4)","(6, 1, 4)",False,0,100
20240416_11,2024-04-16,"(7, 5, 3)","(3, 1, 2)",False,0,100
20240416_12,2024-04-16,"(2, 8, 7)","(2, 7, 6)",False,0,100
20240421_01,2024-04-21,"(3, 2, 4)","(3, 4, 1)",False,0,100
20240421_02,2024-04-21,"(6, 9, 2)","(6, 1, 5)",False,0,100
20240421_03,2024-04-21,"(6, 3, 8)","(8, 2, 6)",False,0,100
20240421_04,2024-04-21,"(5, 8, 10)","(5, 8, 9)",False,0,100
20240421_05,2024-04-21,"(1, 5, 4)","(5, 1, 9)",False,0,100
20240421_06,2024-04-21,"(3, 4, 2)","(3, 2, 1)",False,0,100
20240421_07,2024-04-21,"(8, 10, 7)","(7, 1, 8)",False,0,100
20240421_08,2024-04-21,"(6, 8, 5)","(8, 6, 1)",False,0,100
20240421_09,2024-04-21,"(4, 2, 5)","(2, 5, 1)",False,0,100
20240421_10,2024-04-21,"(5, 2, 1)","(1, 3, 5)",False,0,100
20240421_11,2024-04-21,"(1, 4, 2)","(1, 5, 2)",False,0,100
20240423_01,2024-04-23,"(5, 1, 3)","(1, 5, 4)",False,0,100
20240423_02,2024-04-23,"(5, 3, 4)","(4, 5, 2)",False,0,100
20240423_03,2024-04-23,"(1, 4, 3)","(4, 3, 1)",False,0,100
20240423_04,2024-04-23,"(4, 9, 3)","(1, 8, 4)",False,0,100
20240423_05,2024-04-23,"(5, 3, 4)","(3, 5, 4)",False,0,100
20240423_06,2024-04-23,"(4, 8, 1)","(4, 3, 7)",False,0,100
20240423_07,2024-04-23,"(3, 9, 6)","(3, 9, 4)",False,0,100
20240423_08,2024-04-23,"(2, 4, 3)","(4, 2, 6)",False,0,100
20240423_09,2024-04-23,"(4, 1, 5)","(1, 4, 3)",False,0,100
20240423_10,2024-04-23,"(5, 1, 6)","(5, 4, 3)",False,0,100
20240423_11,2024-04-23,"(1, 3, 6)","(1, 6, 3)",False,0,100
20240428_01,2024-04-28,"(7, 6, 8)","(7, 5, 8)",False,0,100
20240428_02,2024-04-28,"(3, 1, 10)","(1, 3, 6)",False,0,100
20240428_03,2024-04-28,"(9, 10, 5)","(10, 3, 2)",False,0,100
20240428_04,2024-04-28,"(7, 4, 5)","(4, 7, 5)",False,0,100
20240428_05,2024-04-28,"(1, 5, 8)","(2, 6, 8)",False,0,100
20240428_06,2024-04-28,"(5, 1, 4)","(1, 5, 3)",False,0,100
20240428_07,2024-04-28,"(7, 9, 4)","(7, 3, 1)",False,0,100
20240428_08,2024-04-28,"(1, 5, 7)","(1, 5, 4)",False,0,100
20240428_09,2024-04-28,"(3, 4, 5)","(9, 5, 6)",False,0,100
20240428_10,2024-04-28,"(12, 11, 6)","(12, 6, 5)",False,0,100
20240428_11,2024-04-28,"(4, 6, 5)","(4, 6, 5)",True,500,100
20240430_01,2024-04-30,"(8, 3, 5)","(8, 5, 1)",False,0,100
20240430_02,2024-04-30,"(2, 3, 6)","(3, 2, 5)",False,0,100
20240430_03,2024-04-30,"(2, 3, 6)","(3, 6, 4)",False,0,100
20240430_04,2024-04-30,"(4, 1, 8)","(4, 1, 3)",False,0,100
20240430_05,2024-04-30,"(5, 6, 2)","(5, 4, 2)",False,0,100
20240430_06,2024-04-30,"(4, 1, 5)","(4, 5, 7)",False,0,100
20240430_07,2024-04-30,"(7, 2, 1)","(7, 2, 3)",False,0,100
20240430_08,2024-04-30,"(7, 6, 1)","(4, 1, 7)",False,0,100
20240430_09,2024-04-30,"(7, 3, 4)","(3, 4, 7)",False,0,100
20240430_10,2024-04-30,"(4, 1, 5)","(4, 3, 1)",False,0,100
20240430_11,2024-04-30,"(9, 3, 8)","(1, 9, 8)",False,0,100
20240430_12,2024-04-30,"(7, 6, 9)","(8, 3, 7)",False,0,100
20240504_01,2024-05-04,"(5, 2, 6)","(6, 3, 2)",False,0,100
20240504_02,2024-05-04,"(2, 1, 9)","(3, 6, 8)",False,0,100
20240504_03,2024-05-04,"(9, 4, 2)","(4, 9, 6)",False,0,100
20240504_04,2024-05-04,"(2, 7, 1)","(1, 2, 9)",False,0,100
20240504_05,2024-05-04,"(3, 6, 5)","(5, 3, 4)",False,0,100
20240504_06,2024-05-04,"(2, 1, 7)","(2, 6, 1)",False,0,100
20240504_07,2024-05-04,"(6, 5, 3)","(3, 5, 4)",False,0,100
20240504_08,2024-05-04,"(9, 6, 2)","(2, 9, 6)",False,0,100
20240504_09,2024-05-04,"(1, 8, 3)","(1, 9, 6)",False,0,100
20240504_10,2024-05-04,"(3, 2, 8)","(3, 7, 8)",False,0,100
20240504_11,2024-05-04,"(3, 5, 11)","(5, 11, 3)",False,0,100
20240506_01,2024-05-06,"(4, 10, 9)","(10, 4, 9)",False,0,100
20240506_02,2024-05-06,"(1, 9, 4)","(4, 10, 5)",False,0,100
20240506_03,2024-05-06,"(7, 9, 3)","(4, 3, 2)",False,0,100
20240506_04,2024-05-06,"(4, 9, 1)","(3, 4, 2)",False,0,100
20240506_05,2024-05-06,"(3, 8, 5)","(3, 1, 6)",False,0,100
20240506_06,2024-05-06,"(6, 4, 3)","(4, 6, 2)",False,0,100
20240506_07,2024-05-06,"(4, 1, 6)","(4, 5, 3)",False,0,100
20240506_08,2024-05-06,"(10, 2, 3)","(10, 4, 8)",False,0,100
20240506_09,2024-05-06,"(2, 4, 7)","(4, 2, 7)",False,0,100
20240506_10,2024-05-06,"(5, 7, 4)","(7, 4, 1)",False,0,100
20240506_11,2024-05-06,"(3, 4, 10)","(4, 3, 10)",False,0,100
20240512_01,2024-05-12,"(10, 4, 1)","(4, 10, 3)",False,0,100
20240512_02,2024-05-12,"(8, 1, 9)","(7, 9, 1)",False,0,100
20240512_03,2024-05-12,"(3, 2, 10)","(9, 6, 2)",False,0,100
20240512_04,2024-05-12,"(10, 6, 4)","(5, 4, 2)",False,0,100
20240512_05,2024-05-12,"(4, 3, 9)","(4, 3, 5)",False,0,100
20240512_06,2024-05-12,"(1, 5, 3)","(1, 3, 5)",False,0,100
20240512_07,2024-05-12,"(2, 3, 1)","(4, 2, 1)",False,0,100
20240512_08,2024-05-12,"(1, 4, 2)","(7, 1, 9)",False,0,100
20240512_09,2024-05-12,"(5, 8, 6)","(8, 4, 5)",False,0,100
20240512_10,2024-05-12,"(3, 6, 7)","(3, 6, 5)",False,0,100
20240512_11,2024-05-12,"(3, 1, 5)","(3, 1, 6)",False,0,100
20240514_01,2024-05-14,"(1, 8, 3)","(9, 8, 4)",False,0,100
20240514_02,2024-05-14,"(4, 8, 1)","(2, 4, 5)",False,0,100
20240514_03,2024-05-14,"(8, 2, 3)","(8, 4, 3)",False,0,100
20240514_04,2024-05-14,"(10, 2, 11)","(10, 2, 7)",False,0,100
20240514_05,2024-05-14,"(5, 4, 6)","(5, 4, 7)",False,0,100
20240514_06,2024-05-14,"(5, 4, 1)","(1, 5, 2)",False,0,100
20240514_07,2024-05-14,"(1, 10, 2)","(2, 10, 6)",False,0,100
20240514_08,2024-05-14,"(1, 10, 7)","(2, 3, 8)",False,0,100
20240514_09,2024-05-14,"(2, 6, 4)","(6, 2, 3)",False,0,100
20240514_10,2024-05-14,"(2, 9, 5)","(2, 3, 7)",False,0,100
20240514_11,2024-05-14,"(1, 6, 3)","(1, 3, 4)",False,0,100
20240514_12,2024-05-14,"(11, 5, 10)","(5, 10, 8)",False,0,100
20240519_01,2024-05-19,"(5, 1, 9)","(5, 8, 3)",False,0,100
20240519_02,2024-05-19,"(1, 6, 5)","(1, 6, 2)",False,0,100
20240519_03,2024-05-19,"(6, 1, 4)","(6, 1, 2)",False,0,100
20240519_04,2024-05-19,"(8, 7, 2)","(7, 2, 4)",False,0,100
20240519_05,2024-05-19,"(7, 3, 5)","(7, 5, 9)",False,0,100
20240519_06,2024-05-19,"(9, 7, 3)","(1, 4, 5)",False,0,100
20240519_07,2024-05-19,"(8, 4, 3)","(8, 4, 5)",False,0,100
20240519_08,2024-05-19,"(7, 8, 4)","(8, 7, 3)",False,0,100
20240519_09,2024-05-19,"(9, 6, 1)","(8, 4, 5)",False,0,100
20240519_10,2024-05-19,"(10, 4, 3)","(10, 6, 5)",False,0,100
20240519_11,2024-05-19,"(7, 11, 5)","(7, 11, 8)",False,0,100
20240521_01,2024-05-21,"(4, 1, 5)","(4, 1, 6)",False,0,100
20240521_02,2024-05-21,"(6, 8, 3)","(3, 2, 4)",False,0,100
20240521_03,2024-05-21,"(4, 9, 8)","(5, 4, 9)",False,0,100
20240521_04,2024-05-21,"(9, 4, 2)","(9, 4, 2)",True,130,100
20240521_05,2024-05-21,"(7, 6, 4)","(4, 7, 2)",False,0,100
20240521_06,2024-05-21,"(6, 8, 2)","(6, 2, 5)",False,0,100
20240521_07,2024-05-21,"(5, 7, 8)","(5, 4, 7)",False,0,100
20240521_08,2024-05-21,"(9, 3, 8)","(8, 3, 6)",False,0,100
20240521_09,2024-05-21,"(1, 3, 2)","(5, 1, 9)",False,0,100
20240521_10,2024-05-21,"(6, 1, 2)","(6, 2, 5)",False,0,100
20240521_11,2024-05-21,"(1, 6, 3)","(3, 1, 2)",False,0,100
20240521_12,2024-05-21,"(2, 5, 8)","(6, 8, 5)",False,0,100
20240527_01,2024-05-27,"(6, 7, 4)","(7, 4, 2)",False,0,100
20240527_02,2024-05-27,"(5, 4, 1)","(4, 5, 10)",False,0,100
20240527_03,2024-05-27,"(1, 8, 10)","(1, 2, 8)",False,0,100
20240527_04,2024-05-27,"(2, 5, 7)","(2, 7, 6)",False,0,100
20240527_05,2024-05-27,"(2, 3, 8)","(5, 2, 7)",False,0,100
20240527_06,2024-05-27,"(2, 11, 9)","(10, 9, 11)",False,0,100
20240527_07,2024-05-27,"(11, 8, 5)","(4, 11, 7)",False,0,100
20240527_08,2024-05-27,"(9, 2, 6)","(1, 4, 9)",False,0,100
20240527_09,2024-05-27,"(6, 3, 8)","(1, 6, 3)",False,0,100
20240527_10,2024-05-27,"(1, 3, 2)","(2, 3, 1)",False,0,100
20240527_11,2024-05-27,"(2, 1, 11)","(2, 3, 10)",False,0,100
20240527_12,2024-05-27,"(3, 6, 7)","(3, 6, 7)",True,210,100
20240528_01,2024-05-28,"(7, 10, 6)","(10, 7, 9)",False,0,100
20240528_02,2024-05-28,"(4, 7, 3)","(8, 7, 4)",False,0,100
20240528_03,2024-05-28,"(8, 4, 5)","(8, 9, 4)",False,0,100
20240528_04,2024-05-28,"(2, 1, 7)","(2, 6, 4)",False,0,100
20240528_05,2024-05-28,"(10, 2, 6)","(10, 6, 3)",False,0,100
20240528_06,2024-05-28,"(2, 8, 5)","(2, 8, 6)",False,0,100
20240528_07,2024-05-28,"(7, 6, 1)","(7, 2, 8)",False,0,100
20240528_08,2024-05-28,"(6, 7, 2)","(7, 6, 5)",False,0,100
20240528_09,2024-05-28,"(9, 2, 6)","(6, 4, 7)",False,0,100
20240528_10,2024-05-28,"(4, 6, 3)","(3, 6, 4)",False,0,100
20240528_11,2024-05-28,"(7, 3, 2)","(7, 3, 2)",True,350,100
20240528_12,2024-05-28,"(2, 1, 3)","(3, 5, 6)",False,0,100
20240602_01,2024-06-02,"(8, 7, 10)","(7, 8, 10)",False,0,100
20240602_02,2024-06-02,"(8, 6, 1)","(8, 2, 5)",False,0,100
20240602_03,2024-06-02,"(2, 5, 3)","(2, 3, 1)",False,0,100
20240602_04,2024-06-02,"(4, 3, 2)","(4, 2, 3)",False,0,100
20240602_05,2024-06-02,"(10, 5, 7)","(10, 5, 9)",False,0,100
20240602_06,2024-06-02,"(10, 7, 3)","(3, 2, 10)",False,0,100
20240602_07,2024-06-02,"(9, 2, 1)","(9, 1, 7)",False,0,100
20240602_08,2024-06-02,"(2, 10, 6)","(2, 6, 7)",False,0,100
20240602_09,2024-06-02,"(9, 3, 6)","(1, 9, 7)",False,0,100
20240602_10,2024-06-02,"(1, 5, 7)","(1, 2, 3)",False,0,100
20240602_11,2024-06-02,"(10, 5, 1)","(10, 1, 5)",False,0,100
20240604_01,2024-06-04,"(10, 6, 8)","(10, 7, 2)",False,0,100
20240604_02,2024-06-04,"(9, 2, 6)","(3, 9, 8)",False,0,100
20240604_03,2024-06-04,"(4, 8, 2)","(8, 4, 6)",False,0,100
20240604_04,2024-06-04,"(2, 9, 5)","(9, 2, 7)",False,0,100
20240604_05,2024-06-04,"(1, 6, 5)","(6, 9, 1)",False,0,100
20240604_06,2024-06-04,"(6, 8, 4)","(3, 6, 5)",False,0,100
20240604_07,2024-06-04,"(4, 9, 7)","(9, 7, 4)",False,0,100
20240604_08,2024-06-04,"(5, 6, 2)","(5, 2, 6)",False,0,100
20240604_09,2024-06-04,"(2, 9, 4)","(2, 4, 10)",False,0,100
20240604_10,2024-06-04,"(1, 6, 4)","(7, 1, 6)",False,0,100
20240604_11,2024-06-04,"(2, 4, 6)","(5, 8, 2)",False,0,100
20240604_12,2024-06-04,"(5, 2, 1)","(3, 2, 4)",False,0,100
20240609_01,2024-06-09,"(5, 4, 1)","(5, 4, 9)",False,0,100
20240609_02,2024-06-09,"(2, 4, 5)","(1, 2, 3)",False,0,100
20240609_03,2024-06-09,"(10, 3, 6)","(10, 6, 4)",False,0,100
20240609_04,2024-06-09,"(7, 2, 1)","(7, 1, 2)",False,0,100
20240609_05,2024-06-09,"(1, 2, 6)","(1, 5, 2)",False,0,100
20240609_06,2024-06-09,"(9, 6, 2)","(9, 8, 5)",False,0,100
20240609_07,2024-06-09,"(6, 7, 3)","(6, 3, 4)",False,0,100
20240609_08,2024-06-09,"(6, 1, 5)","(10, 2, 5)",False,0,100
20240609_09,2024-06-09,"(8, 2, 4)","(4, 8, 2)",False,0,100
20240609_10,2024-06-09,"(2, 7, 4)","(5, 4, 7)",False,0,100
20240609_11,2024-06-09,"(9, 3, 6)","(9, 6, 10)",False,0,100
20240609_12,2024-06-09,"(9, 6, 7)","(6, 9, 7)",False,0,100
20240611_01,2024-06-11,"(7, 3, 4)","(3, 7, 5)",False,0,100
20240611_02,2024-06-11,"(3, 5, 9)","(5, 3, 2)",False,0,100
20240611_03,2024-06-11,"(3, 2, 6)","(2, 6, 3)",False,0,100
20240611_04,2024-06-11,"(4, 6, 1)","(6, 4, 1)",False,0,100
20240611_05,2024-06-11,"(7, 2, 8)","(7, 2, 4)",False,0,100
20240611_06,2024-06-11,"(6, 7, 3)","(4, 7, 3)",False,0,100
20240611_07,2024-06-11,"(10, 4, 7)","(7, 10, 1)",False,0,100
20240611_08,2024-06-11,"(7, 3, 10)","(7, 6, 8)",False,0,100
20240611_09,2024-06-11,"(8, 10, 2)","(4, 2, 10)",False,0,100
20240611_10,2024-06-11,"(9, 8, 2)","(1, 2, 5)",False,0,100
20240611_11,2024-06-11,"(9, 2, 4)","(4, 9, 3)",False,0,100
20240611_12,2024-06-11,"(7, 2, 9)","(7, 2, 3)",False,0,100
20240615_01,2024-06-15,"(9, 2, 7)","(2, 3, 9)",False,0,100
20240615_02,2024-06-15,"(8, 10, 5)","(8, 5, 7)",False,0,100
20240615_03,2024-06-15,"(4, 7, 8)","(8, 7, 5)",False,0,100
20240615_04,2024-06-15,"(6, 7, 4)","(6, 5, 1)",False,0,100
20240615_05,2024-06-15,"(5, 2, 8)","(8, 5, 3)",False,0,100
20240615_06,2024-06-15,"(7, 5, 1)","(7, 8, 1)",False,0,100
20240615_07,2024-06-15,"(5, 4, 7)","(5, 7, 4)",False,0,100
20240615_08,2024-06-15,"(3, 2, 10)","(2, 3, 4)",False,0,100
20240615_09,2024-06-15,"(3, 4, 6)","(3, 10, 4)",False,0,100
20240615_10,2024-06-15,"(2, 6, 3)","(2, 1, 6)",False,0,100
20240615_11,2024-06-15,"(11, 8, 6)","(11, 1, 9)",False,0,100
20240618_01,2024-06-18,"(4, 2, 3)","(7, 4, 8)",False,0,100
20240618_02,2024-06-18,"(3, 5, 2)","(5, 2, 9)",False,0,100
20240618_03,2024-06-18,"(7, 4, 2)","(7, 1, 4)",False,0,100
20240618_04,2024-06-18,"(6, 2, 9)","(6, 2, 7)",False,0,100
20240618_05,2024-06-18,"(10, 8, 1)","(8, 1, 10)",False,0,100
20240618_06,2024-06-18,"(9, 7, 5)","(9, 8, 6)",False,0,100
20240618_07,2024-06-18,"(4, 1, 6)","(4, 1, 2)",False,0,100
20240618_08,2024-06-18,"(3, 5, 7)","(7, 1, 3)",False,0,100
20240618_09,2024-06-18,"(5, 7, 1)","(1, 7, 4)",False,0,100
20240618_10,2024-06-18,"(5, 7, 6)","(5, 6, 7)",False,0,100
20240618_11,2024-06-18,"(6, 4, 9)","(9, 4, 1)",False,0,100
20240618_12,2024-06-18,"(6, 4, 5)","(6, 5, 8)",False,0,100
20240623_01,2024-06-23,"(3, 9, 1)","(3, 9, 2)",False,0,100
20240623_02,2024-06-23,"(3, 6, 5)","(3, 2, 5)",False,0,100
20240623_03,2024-06-23,"(1, 5, 7)","(1, 2, 9)",False,0,100
20240623_04,2024-06-23,"(4, 1, 3)","(1, 8, 4)",False,0,100
20240623_05,2024-06-23,"(4, 7, 6)","(4, 8, 7)",False,0,100
20240623_06,2024-06-23,"(3, 5, 7)","(3, 8, 7)",False,0,100
20240623_07,2024-06-23,"(1, 6, 2)","(6, 1, 5)",False,0,100
20240623_08,2024-06-23,"(3, 5, 1)","(3, 7, 8)",False,0,100
20240623_09,2024-06-23,"(6, 3, 9)","(9, 6, 4)",False,0,100
20240623_10,2024-06-23,"(8, 2, 7)","(8, 7, 6)",False,0,100
20240623_11,2024-06-23,"(2, 4, 10)","(2, 1, 9)",False,0,100
20240624_01,2024-06-24,"(10, 2, 3)","(10, 2, 4)",False,0,100
20240624_02,2024-06-24,"(6, 2, 4)","(4, 6, 5)",False,0,100
20240624_03,2024-06-24,"(3, 5, 2)","(3, 5, 10)",False,0,100
20240624_04,2024-06-24,"(4, 1, 2)","(2, 8, 4)",False,0,100
20240624_05,2024-06-24,"(3, 9, 8)","(3, 9, 6)",False,0,100
20240624_06,2024-06-24,"(3, 1, 6)","(5, 4, 7)",False,0,100
20240624_07,2024-06-24,"(1, 5, 6)","(1, 5, 4)",False,0,100
20240624_08,2024-06-24,"(5, 1, 6)","(5, 4, 6)",False,0,100
20240624_09,2024-06-24,"(7, 8, 1)","(7, 8, 4)",False,0,100
20240624_10,2024-06-24,"(5, 6, 2)","(6, 5, 4)",False,0,100
20240624_11,2024-06-24,"(8, 5, 2)","(6, 5, 8)",False,0,100
20240624_12,2024-06-24,"(12, 6, 1)","(6, 7, 12)",False,0,100
20240701_01,2024-07-01,"(2, 5, 10)","(5, 2, 9)",False,0,100
20240701_02,2024-07-01,"(10, 1, 9)","(10, 1, 11)",False,0,100
20240701_03,2024-07-01,"(7, 1, 11)","(11, 7, 6)",False,0,100
20240701_04,2024-07-01,"(6, 1, 5)","(6, 8, 1)",False,0,100
20240701_05,2024-07-01,"(5, 7, 10)","(5, 7, 10)",True,160,100
20240701_06,2024-07-01,"(6, 8, 3)","(5, 8, 9)",False,0,100
20240701_07,2024-07-01,"(1, 7, 4)","(7, 1, 2)",False,0,100
20240701_08,2024-07-01,"(4, 8, 7)","(4, 2, 3)",False,0,100
20240701_09,2024-07-01,"(4, 3, 5)","(2, 4, 3)",False,0,100
20240701_10,2024-07-01,"(3, 5, 7)","(3, 5, 1)",False,0,100
20240701_11,2024-07-01,"(6, 8, 1)","(6, 8, 1)",True,210,100
20240702_01,2024-07-02,"(3, 1, 2)","(6, 2, 1)",False,0,100
20240702_02,2024-07-02,"(8, 2, 6)","(6, 7, 8)",False,0,100
20240702_03,2024-07-02,"(5, 3, 7)","(5, 7, 4)",False,0,100
20240702_04,2024-07-02,"(5, 6, 2)","(5, 6, 2)",True,680,100
20240702_05,2024-07-02,"(8, 9, 7)","(8, 6, 4)",False,0,100
20240702_06,2024-07-02,"(7, 2, 9)","(10, 9, 7)",False,0,100
20240702_07,2024-07-02,"(2, 7, 3)","(3, 8, 4)",False,0,100
20240702_08,2024-07-02,"(2, 7, 6)","(2, 5, 6)",False,0,100
20240702_09,2024-07-02,"(5, 2, 4)","(5, 2, 7)",False,0,100
20240702_10,2024-07-02,"(6, 3, 9)","(7, 6, 10)",False,0,100
20240702_11,2024-07-02,"(4, 1, 6)","(1, 4, 6)",False,0,100
20240702_12,2024-07-02,"(1, 9, 7)","(9, 7, 10)",False,0,100
20240707_01,2024-07-07,"(5, 1, 9)","(5, 2, 10)",False,0,100
20240707_02,2024-07-07,"(2, 6, 5)","(6, 2, 3)",False,0,100
20240707_03,2024-07-07,"(4, 6, 3)","(4, 6, 3)",True,920,100
20240707_04,2024-07-07,"(1, 8, 6)","(1, 3, 2)",False,0,100
20240707_05,2024-07-07,"(5, 8, 7)","(5, 8, 10)",False,0,100
20240707_06,2024-07-07,"(1, 9, 3)","(5, 9, 1)",False,0,100
20240707_07,2024-07-07,"(6, 3, 5)","(6, 9, 7)",False,0,100
20240707_08,2024-07-07,"(2, 8, 6)","(7, 8, 1)",False,0,100
20240707_09,2024-07-07,"(5, 3, 4)","(3, 4, 5)",False,0,100
20240707_10,2024-07-07,"(3, 6, 4)","(3, 6, 4)",True,610,100
20240707_11,2024-07-07,"(8, 9, 1)","(1, 9, 6)",False,0,100
20240707_12,2024-07-07,"(11, 4, 6)","(9, 5, 11)",False,0,100
20240709_01,2024-07-09,"(6, 10, 4)","(8, 7, 4)",False,0,100
20240709_02,2024-07-09,"(5, 8, 7)","(8, 7, 5)",False,0,100
20240709_03,2024-07-09,"(6, 3, 5)","(3, 6, 2)",False,0,100
20240709_04,2024-07-09,"(5, 6, 7)","(6, 10, 9)",False,0,100
20240709_05,2024-07-09,"(5, 1, 11)","(8, 10, 3)",False,0,100
20240709_06,2024-07-09,"(4, 5, 3)","(5, 7, 8)",False,0,100
20240709_07,2024-07-09,"(2, 6, 9)","(2, 6, 9)",True,180,100
20240709_08,2024-07-09,"(2, 5, 1)","(5, 2, 3)",False,0,100
20240709_09,2024-07-09,"(2, 1, 8)","(5, 4, 7)",False,0,100
20240709_10,2024-07-09,"(4, 3, 6)","(3, 5, 4)",False,0,100
20240709_11,2024-07-09,"(11, 4, 6)","(11, 8, 2)",False,0,100
20240709_12,2024-07-09,"(8, 5, 4)","(8, 7, 3)",False,0,100
20240713_01,2024-07-13,"(9, 10, 4)","(10, 4, 7)",False,0,100
20240713_02,2024-07-13,"(1, 8, 6)","(1, 6, 4)",False,0,100
20240713_03,2024-07-13,"(10, 2, 8)","(10, 2, 3)",False,0,100
20240713_04,2024-07-13,"(2, 7, 3)","(2, 3, 5)",False,0,100
20240713_05,2024-07-13,"(2, 1, 5)","(2, 7, 4)",False,0,100
20240713_06,2024-07-13,"(10, 9, 7)","(7, 10, 2)",False,0,100
20240713_07,2024-07-13,"(2, 8, 4)","(2, 1, 3)",False,0,100
20240713_08,2024-07-13,"(1, 11, 7)","(1, 5, 3)",False,0,100
20240713_09,2024-07-13,"(11, 2, 3)","(3, 8, 7)",False,0,100
20240713_10,2024-07-13,"(10, 2, 4)","(4, 7, 10)",False,0,100
20240713_11,2024-07-13,"(8, 9, 2)","(5, 8, 1)",False,0,100
20240713_12,2024-07-13,"(3, 1, 4)","(3, 5, 1)",False,0,100
20240715_01,2024-07-15,"(9, 4, 7)","(9, 8, 7)",False,0,100
20240715_02,2024-07-15,"(11, 7, 8)","(11, 10, 8)",False,0,100
20240715_03,2024-07-15,"(4, 3, 5)","(4, 5, 6)",False,0,100
20240715_04,2024-07-15,"(3, 5, 1)","(5, 3, 2)",False,0,100
20240715_05,2024-07-15,"(1, 6, 7)","(6, 7, 5)",False,0,100
20240715_06,2024-07-15,"(4, 5, 3)","(4, 3, 5)",False,0,100
20240715_07,2024-07-15,"(1, 2, 7)","(1, 2, 7)",True,570,100
20240715_08,2024-07-15,"(1, 2, 4)","(2, 1, 10)",False,0,100
20240715_09,2024-07-15,"(2, 1, 5)","(1, 2, 9)",False,0,100
20240715_10,2024-07-15,"(4, 7, 9)","(9, 6, 4)",False,0,100
20240715_11,2024-07-15,"(5, 2, 9)","(2, 1, 7)",False,0,100
20240715_12,2024-07-15,"(4, 7, 1)","(7, 6, 4)",False,0,100
20240722_01,2024-07-22,"(2, 3, 1)","(3, 5, 2)",False,0,100
20240722_02,2024-07-22,"(8, 7, 4)","(7, 6, 9)",False,0,100
20240722_03,2024-07-22,"(8, 5, 3)","(8, 11, 5)",False,0,100
20240722_04,2024-07-22,"(8, 7, 2)","(8, 2, 7)",False,0,100
20240722_05,2024-07-22,"(5, 1, 4)","(1, 9, 5)",False,0,100
20240722_06,2024-07-22,"(5, 1, 8)","(1, 7, 5)",False,0,100
20240722_07,2024-07-22,"(3, 2, 1)","(9, 2, 1)",False,0,100
20240722_08,2024-07-22,"(7, 2, 1)","(7, 6, 2)",False,0,100
20240722_09,2024-07-22,"(6, 5, 4)","(6, 3, 11)",False,0,100
20240722_10,2024-07-22,"(1, 6, 7)","(6, 3, 2)",False,0,100
20240722_11,2024-07-22,"(6, 8, 2)","(6, 8, 2)",True,910,100
20240722_12,2024-07-22,"(5, 3, 7)","(3, 5, 4)",False,0,100
20240723_01,2024-07-23,"(6, 4, 7)","(5, 7, 3)",False,0,100
20240723_02,2024-07-23,"(9, 8, 5)","(8, 5, 10)",False,0,100
20240723_03,2024-07-23,"(4, 5, 6)","(5, 6, 9)",False,0,100
20240723_04,2024-07-23,"(5, 1, 2)","(5, 6, 7)",False,0,100
20240723_05,2024-07-23,"(2, 7, 4)","(7, 9, 2)",False,0,100
20240723_06,2024-07-23,"(2, 7, 1)","(3, 2, 7)",False,0,100
20240723_07,2024-07-23,"(3, 7, 1)","(3, 8, 4)",False,0,100
20240723_08,2024-07-23,"(1, 2, 7)","(1, 6, 9)",False,0,100
20240723_09,2024-07-23,"(2, 4, 3)","(3, 5, 2)",False,0,100
20240723_10,2024-07-23,"(8, 9, 5)","(9, 2, 8)",False,0,100
20240723_11,2024-07-23,"(3, 2, 4)","(5, 7, 8)",False,0,100
20240723_12,2024-07-23,"(12, 9, 3)","(3, 9, 12)",False,0,100
20240728_01,2024-07-28,"(7, 10, 1)","(7, 4, 10)",False,0,100
20240728_02,2024-07-28,"(6, 8, 4)","(4, 2, 5)",False,0,100
20240728_03,2024-07-28,"(4, 8, 6)","(8, 7, 4)",False,0,100
20240728_04,2024-07-28,"(4, 8, 10)","(4, 8, 10)",True,130,100
20240728_05,2024-07-28,"(3, 1, 8)","(5, 3, 4)",False,0,100
20240728_06,2024-07-28,"(8, 6, 9)","(9, 8, 6)",False,0,100
20240728_07,2024-07-28,"(7, 6, 2)","(2, 6, 1)",False,0,100
20240728_08,2024-07-28,"(10, 7, 3)","(1, 7, 3)",False,0,100
20240728_09,2024-07-28,"(3, 7, 6)","(6, 7, 3)",False,0,100
20240728_10,2024-07-28,"(4, 7, 8)","(4, 1, 10)",False,0,100
20240728_11,2024-07-28,"(10, 8, 3)","(8, 10, 3)",False,0,100
20240728_12,2024-07-28,"(1, 8, 10)","(6, 1, 8)",False,0,100
20240730_01,2024-07-30,"(5, 1, 4)","(1, 7, 5)",False,0,100
20240730_02,2024-07-30,"(8, 7, 4)","(8, 7, 3)",False,0,100
20240730_03,2024-07-30,"(2, 6, 3)","(5, 2, 3)",False,0,100
20240730_04,2024-07-30,"(2, 3, 1)","(2, 3, 5)",False,0,100
20240730_05,2024-07-30,"(2, 3, 8)","(3, 2, 5)",False,0,100
20240730_06,2024-07-30,"(6, 3, 7)","(6, 7, 2)",False,0,100
20240730_07,2024-07-30,"(7, 6, 4)","(7, 1, 6)",False,0,100
20240730_08,2024-07-30,"(4, 2, 6)","(6, 4, 9)",False,0,100
20240730_09,2024-07-30,"(3, 10, 1)","(3, 7, 10)",False,0,100
20240730_10,2024-07-30,"(5, 6, 7)","(1, 5, 6)",False,0,100
20240730_11,2024-07-30,"(8, 6, 7)","(8, 5, 6)",False,0,100
20240730_12,2024-07-30,"(4, 10, 2)","(4, 8, 1)",False,0,100
20240805_01,2024-08-05,"(11, 4, 3)","(5, 9, 4)",False,0,100
20240805_02,2024-08-05,"(4, 5, 6)","(5, 9, 4)",False,0,100
20240805_03,2024-08-05,"(5, 2, 6)","(6, 1, 3)",False,0,100
20240805_04,2024-08-05,"(3, 6, 1)","(6, 7, 1)",False,0,100
20240805_05,2024-08-05,"(2, 1, 3)","(2, 1, 4)",False,0,100
20240805_06,2024-08-05,"(4, 7, 6)","(4, 7, 6)",True,640,100
20240805_07,2024-08-05,"(7, 4, 6)","(7, 1, 4)",False,0,100
20240805_08,2024-08-05,"(5, 10, 6)","(5, 4, 9)",False,0,100
20240805_09,2024-08-05,"(6, 1, 4)","(6, 3, 4)",False,0,100
20240805_10,2024-08-05,"(6, 9, 3)","(7, 6, 9)",False,0,100
20240805_11,2024-08-05,"(5, 9, 1)","(3, 12, 1)",False,0,100
20240805_12,2024-08-05,"(1, 6, 3)","(3, 6, 1)",False,0,100
20240806_01,2024-08-06,"(9, 3, 8)","(9, 3, 5)",False,0,100
20240806_02,2024-08-06,"(8, 4, 5)","(5, 4, 7)",False,0,100
20240806_03,2024-08-06,"(11, 1, 3)","(5, 3, 11)",False,0,100
20240806_04,2024-08-06,"(2, 3, 7)","(7, 2, 8)",False,0,100
20240806_05,2024-08-06,"(5, 3, 6)","(5, 3, 6)",True,490,100
20240806_06,2024-08-06,"(5, 6, 9)","(6, 9, 3)",False,0,100
20240806_07,2024-08-06,"(1, 8, 9)","(1, 7, 6)",False,0,100
20240806_08,2024-08-06,"(1, 6, 5)","(1, 3, 2)",False,0,100
20240806_09,2024-08-06,"(7, 3, 5)","(3, 5, 2)",False,0,100
20240806_10,2024-08-06,"(2, 4, 5)","(2, 3, 5)",False,0,100
20240806_11,2024-08-06,"(5, 6, 7)","(1, 4, 6)",False,0,100
20240806_12,2024-08-06,"(6, 9, 10)","(5, 1, 6)",False,0,100
20240811_01,2024-08-11,"(9, 7, 4)","(9, 6, 4)",False,0,100
20240811_02,2024-08-11,"(4, 5, 6)","(4, 5, 6)",True,150,100
20240811_03,2024-08-11,"(3, 6, 2)","(6, 4, 3)",False,0,100
20240811_04,2024-08-11,"(2, 1, 7)","(1, 2, 7)",False,0,100
20240811_05,2024-08-11,"(4, 8, 1)","(2, 4, 1)",False,0,100
20240811_06,2024-08-11,"(1, 7, 8)","(8, 7, 1)",False,0,100
20240811_07,2024-08-11,"(1, 6, 4)","(1, 3, 2)",False,0,100
20240811_08,2024-08-11,"(2, 4, 6)","(2, 4, 3)",False,0,100
20240811_09,2024-08-11,"(5, 9, 8)","(5, 3, 2)",False,0,100
20240811_10,2024-08-11,"(9, 3, 8)","(3, 9, 8)",False,0,100
20240811_11,2024-08-11,"(3, 9, 4)","(3, 4, 6)",False,0,100
20240811_12,2024-08-11,"(2, 8, 5)","(2, 5, 3)",False,0,100
20240812_01,2024-08-12,"(1, 6, 3)","(6, 3, 5)",False,0,100
20240812_02,2024-08-12,"(5, 7, 1)","(5, 4, 1)",False,0,100
20240812_03,2024-08-12,"(7, 1, 4)","(7, 4, 6)",False,0,100
20240812_04,2024-08-12,"(3, 6, 1)","(3, 6, 2)",False,0,100
20240812_05,2024-08-12,"(3, 1, 6)","(4, 1, 3)",False,0,100
20240812_06,2024-08-12,"(7, 8, 3)","(3, 2, 4)",False,0,100
20240812_07,2024-08-12,"(6, 8, 1)","(6, 9, 1)",False,0,100
20240812_08,2024-08-12,"(2, 4, 1)","(2, 4, 5)",False,0,100
20240812_09,2024-08-12,"(5, 2, 4)","(4, 3, 2)",False,0,100
20240812_10,2024-08-12,"(5, 2, 4)","(5, 2, 3)",False,0,100
20240812_11,2024-08-12,"(7, 11, 3)","(7, 4, 10)",False,0,100
20240812_12,2024-08-12,"(10, 6, 3)","(10, 6, 1)",False,0,100
20240818_01,2024-08-18,"(3, 1, 7)","(3, 1, 2)",False,0,100
20240818_02,2024-08-18,"(6, 1, 4)","(4, 6, 3)",False,0,100
20240818_03,2024-08-18,"(8, 4, 1)","(7, 1, 2)",False,0,100
20240818_04,2024-08-18,"(4, 1, 6)","(1, 6, 3)",False,0,100
20240818_05,2024-08-18,"(5, 3, 1)","(5, 3, 2)",False,0,100
20240818_06,2024-08-18,"(9, 1, 8)","(1, 3, 8)",False,0,100
20240818_07,2024-08-18,"(8, 1, 7)","(8, 1, 7)",True,1760,100
20240818_08,2024-08-18,"(1, 5, 3)","(3, 5, 1)",False,0,100
20240818_09,2024-08-18,"(2, 11, 1)","(6, 11, 2)",False,0,100
20240818_10,2024-08-18,"(6, 2, 1)","(3, 2, 5)",False,0,100
20240818_11,2024-08-18,"(6, 9, 7)","(6, 1, 9)",False,0,100
20240818_12,2024-08-18,"(12, 1, 4)","(12, 2, 5)",False,0,100
20240820_01,2024-08-20,"(5, 6, 3)","(5, 6, 2)",False,0,100
20240820_02,2024-08-20,"(6, 1, 8)","(8, 1, 6)",False,0,100
20240820_03,2024-08-20,"(1, 7, 5)","(7, 5, 1)",False,0,100
20240820_04,2024-08-20,"(1, 7, 6)","(1, 7, 2)",False,0,100
20240820_05,2024-08-20,"(5, 2, 4)","(10, 5, 9)",False,0,100
20240820_06,2024-08-20,"(7, 1, 3)","(6, 7, 4)",False,0,100
20240820_07,2024-08-20,"(4, 6, 2)","(1, 4, 5)",False,0,100
20240820_08,2024-08-20,"(8, 1, 5)","(1, 4, 8)",False,0,100
20240820_09,2024-08-20,"(4, 2, 6)","(4, 2, 6)",True,340,100
20240820_10,2024-08-20,"(7, 9, 1)","(1, 7, 2)",False,0,100
20240820_11,2024-08-20,"(4, 8, 10)","(4, 5, 8)",False,0,100
20240820_12,2024-08-20,"(6, 4, 2)","(6, 4, 1)",False,0,100
20240825_01,2024-08-25,"(7, 8, 4)","(8, 4, 7)",False,0,100
20240825_02,2024-08-25,"(4, 9, 8)","(9, 4, 1)",False,0,100
20240825_03,2024-08-25,"(4, 3, 9)","(4, 3, 8)",False,0,100
20240825_04,2024-08-25,"(1, 8, 6)","(3, 1, 6)",False,0,100
20240825_05,2024-08-25,"(5, 8, 4)","(5, 4, 10)",False,0,100
20240825_06,2024-08-25,"(7, 6, 5)","(7, 1, 8)",False,0,100
20240825_07,2024-08-25,"(4, 5, 3)","(5, 4, 3)",False,0,100
20240825_08,2024-08-25,"(7, 5, 1)","(8, 4, 7)",False,0,100
20240825_09,2024-08-25,"(2, 4, 5)","(4, 2, 6)",False,0,100
20240825_10,2024-08-25,"(6, 5, 8)","(6, 5, 7)",False,0,100
20240825_11,2024-08-25,"(4, 3, 1)","(2, 4, 7)",False,0,100
20240825_12,2024-08-25,"(6, 8, 4)","(6, 7, 4)",False,0,100
20240827_01,2024-08-27,"(5, 9, 8)","(9, 5, 8)",False,0,100
20240827_02,2024-08-27,"(9, 3, 5)","(10, 9, 7)",False,0,100
20240827_03,2024-08-27,"(2, 9, 4)","(2, 7, 4)",False,0,100
20240827_04,2024-08-27,"(4, 7, 5)","(5, 7, 3)",False,0,100
20240827_05,2024-08-27,"(8, 6, 3)","(8, 1, 6)",False,0,100
20240827_06,2024-08-27,"(2, 8, 4)","(8, 2, 1)",False,0,100
20240827_07,2024-08-27,"(8, 4, 2)","(7, 4, 2)",False,0,100
20240827_08,2024-08-27,"(7, 8, 2)","(3, 2, 1)",False,0,100
20240827_09,2024-08-27,"(7, 9, 3)","(7, 3, 6)",False,0,100
20240827_10,2024-08-27,"(8, 6, 3)","(7, 8, 5)",False,0,100
20240827_11,2024-08-27,"(8, 5, 4)","(7, 8, 2)",False,0,100
20240827_12,2024-08-27,"(4, 2, 5)","(2, 5, 4)",False,0,100
20240901_01,2024-09-01,"(5, 1, 6)","(5, 3, 4)",False,0,100
20240901_02,2024-09-01,"(7, 9, 6)","(9, 6, 2)",False,0,100
20240901_03,2024-09-01,"(5, 7, 2)","(5, 3, 1)",False,0,100
20240901_04,2024-09-01,"(5, 1, 7)","(7, 1, 5)",False,0,100
20240901_05,2024-09-01,"(1, 3, 7)","(1, 3, 5)",False,0,100
20240901_06,2024-09-01,"(9, 2, 4)","(9, 2, 1)",False,0,100
20240901_07,2024-09-01,"(2, 3, 7)","(7, 4, 1)",False,0,100
20240901_08,2024-09-01,"(2, 4, 5)","(4, 2, 3)",False,0,100
20240901_09,2024-09-01,"(6, 3, 5)","(5, 7, 6)",False,0,100
20240901_10,2024-09-01,"(6, 5, 8)","(5, 6, 4)",False,0,100
20240901_11,2024-09-01,"(10, 5, 3)","(5, 3, 1)",False,0,100
20240901_12,2024-09-01,"(3, 11, 2)","(3, 11, 9)",False,0,100
20240903_01,2024-09-03,"(11, 5, 8)","(11, 1, 3)",False,0,100
20240903_02,2024-09-03,"(8, 2, 4)","(6, 2, 1)",False,0,100
20240903_03,2024-09-03,"(11, 7, 2)","(7, 11, 1)",False,0,100
20240903_04,2024-09-03,"(8, 10, 2)","(8, 4, 2)",False,0,100
20240903_05,2024-09-03,"(9, 7, 6)","(9, 6, 10)",False,0,100
20240903_06,2024-09-03,"(9, 2, 7)","(9, 3, 6)",False,0,100
20240903_07,2024-09-03,"(4, 8, 3)","(4, 7, 10)",False,0,100
20240903_08,2024-09-03,"(5, 1, 6)","(5, 1, 6)",True,1650,100
20240903_09,2024-09-03,"(8, 5, 3)","(8, 5, 7)",False,0,100
20240903_10,2024-09-03,"(2, 9, 6)","(2, 9, 5)",False,0,100
20240903_11,2024-09-03,"(5, 6, 3)","(5, 4, 6)",False,0,100
20240903_12,2024-09-03,"(10, 6, 7)","(3, 6, 1)",False,0,100
20240907_01,2024-09-07,"(7, 3, 9)","(6, 3, 9)",False,0,100
20240907_02,2024-09-07,"(5, 4, 2)","(5, 7, 2)",False,0,100
20240907_03,2024-09-07,"(7, 8, 1)","(3, 8, 1)",False,0,100
20240907_04,2024-09-07,"(1, 3, 5)","(1, 5, 3)",False,0,100
20240907_05,2024-09-07,"(4, 5, 7)","(4, 5, 7)",True,840,100
20240907_06,2024-09-07,"(3, 7, 11)","(3, 2, 8)",False,0,100
20240907_07,2024-09-07,"(7, 5, 3)","(7, 5, 2)",False,0,100
20240907_08,2024-09-07,"(3, 2, 5)","(3, 6, 8)",False,0,100
20240907_09,2024-09-07,"(9, 7, 11)","(9, 2, 7)",False,0,100
20240907_10,2024-09-07,"(3, 2, 1)","(2, 3, 1)",False,0,100
20240907_11,2024-09-07,"(9, 8, 3)","(9, 4, 2)",False,0,100
20240907_12,2024-09-07,"(6, 4, 2)","(4, 6, 8)",False,0,100
20240910_01,2024-09-10,"(5, 7, 4)","(5, 7, 2)",False,0,100
20240910_02,2024-09-10,"(2, 12, 10)","(2, 12, 7)",False,0,100
20240910_03,2024-09-10,"(2, 10, 4)","(7, 3, 4)",False,0,100
20240910_04,2024-09-10,"(3, 5, 6)","(3, 5, 2)",False,0,100
20240910_05,2024-09-10,"(7, 5, 8)","(5, 8, 9)",False,0,100
20240910_06,2024-09-10,"(3, 11, 4)","(6, 3, 8)",False,0,100
20240910_07,2024-09-10,"(8, 9, 6)","(8, 7, 6)",False,0,100
20240910_08,2024-09-10,"(5, 2, 10)","(1, 5, 7)",False,0,100
20240910_10,2024-09-10,"(2, 8, 1)","(2, 1, 5)",False,0,100
20240910_11,2024-09-10,"(5, 6, 3)","(3, 5, 6)",False,0,100
20240910_12,2024-09-10,"(5, 4, 2)","(4, 5, 6)",False,0,100
20240915_01,2024-09-15,"(9, 2, 6)","(9, 5, 6)",False,0,100
20240915_02,2024-09-15,"(1, 8, 9)","(8, 1, 9)",False,0,100
20240915_03,2024-09-15,"(8, 3, 2)","(8, 7, 2)",False,0,100
20240915_04,2024-09-15,"(5, 3, 2)","(5, 6, 7)",False,0,100
20240915_05,2024-09-15,"(3, 7, 2)","(7, 3, 2)",False,0,100
20240915_06,2024-09-15,"(8, 5, 10)","(8, 5, 9)",False,0,100
20240915_07,2024-09-15,"(3, 8, 1)","(7, 3, 5)",False,0,100
20240915_08,2024-09-15,"(8, 6, 2)","(8, 5, 6)",False,0,100
20240915_09,2024-09-15,"(5, 2, 1)","(2, 3, 5)",False,0,100
20240915_10,2024-09-15,"(3, 7, 4)","(7, 5, 3)",False,0,100
20240915_11,2024-09-15,"(1, 4, 7)","(4, 1, 8)",False,0,100
20240915_12,2024-09-15,"(4, 1, 10)","(4, 1, 5)",False,0,100
20240917_01,2024-09-17,"(3, 7, 4)","(5, 7, 4)",False,0,100
20240917_02,2024-09-17,"(8, 3, 7)","(1, 3, 8)",False,0,100
20240917_03,2024-09-17,"(3, 11, 7)","(7, 4, 9)",False,0,100
20240917_04,2024-09-17,"(4, 2, 7)","(3, 2, 6)",False,0,100
20240917_05,2024-09-17,"(7, 10, 9)","(7, 10, 6)",False,0,100
20240917_06,2024-09-17,"(8, 11, 7)","(11, 1, 6)",False,0,100
20240917_07,2024-09-17,"(5, 6, 1)","(6, 3, 5)",False,0,100
20240917_08,2024-09-17,"(2, 11, 1)","(2, 11, 7)",False,0,100
20240917_09,2024-09-17,"(8, 4, 11)","(8, 11, 10)",False,0,100
20240917_10,2024-09-17,"(2, 8, 1)","(2, 7, 8)",False,0,100
20240917_11,2024-09-17,"(7, 10, 11)","(4, 7, 1)",False,0,100
20240917_12,2024-09-17,"(2, 1, 6)","(2, 5, 3)",False,0,100
20240921_01,2024-09-21,"(9, 10, 4)","(9, 8, 5)",False,0,100
20240921_02,2024-09-21,"(9, 8, 3)","(9, 7, 4)",False,0,100
20240921_03,2024-09-21,"(6, 4, 10)","(6, 10, 1)",False,0,100
20240921_04,2024-09-21,"(2, 6, 7)","(2, 7, 6)",False,0,100
20240921_05,2024-09-21,"(7, 8, 6)","(7, 9, 6)",False,0,100
20240921_06,2024-09-21,"(4, 8, 5)","(8, 7, 10)",False,0,100
20240921_07,2024-09-21,"(8, 1, 6)","(8, 1, 6)",True,140,100
20240921_08,2024-09-21,"(5, 6, 8)","(8, 1, 5)",False,0,100
20240921_09,2024-09-21,"(9, 5, 7)","(9, 3, 5)",False,0,100
20240921_10,2024-09-21,"(1, 3, 4)","(4, 3, 1)",False,0,100
20240921_11,2024-09-21,"(3, 8, 6)","(9, 4, 6)",False,0,100
20240921_12,2024-09-21,"(3, 1, 5)","(3, 1, 6)",False,0,100
20240923_01,2024-09-23,"(8, 7, 5)","(9, 2, 8)",False,0,100
20240923_02,2024-09-23,"(10, 1, 7)","(3, 10, 7)",False,0,100
20240923_03,2024-09-23,"(9, 6, 3)","(9, 8, 4)",False,0,100
20240923_04,2024-09-23,"(4, 5, 10)","(6, 1, 4)",False,0,100
20240923_05,2024-09-23,"(2, 1, 6)","(2, 1, 5)",False,0,100
20240923_06,2024-09-23,"(7, 6, 9)","(7, 6, 1)",False,0,100
20240923_07,2024-09-23,"(4, 1, 5)","(4, 5, 2)",False,0,100
20240923_08,2024-09-23,"(2, 5, 8)","(2, 6, 7)",False,0,100
20240923_09,2024-09-23,"(6, 9, 5)","(3, 9, 4)",False,0,100
20240923_10,2024-09-23,"(2, 7, 4)","(4, 7, 10)",False,0,100
20240923_11,2024-09-23,"(7, 9, 2)","(7, 8, 12)",False,0,100
20240923_12,2024-09-23,"(2, 7, 1)","(2, 1, 7)",False,0,100
20240930_01,2024-09-30,"(11, 1, 7)","(11, 8, 9)",False,0,100
20240930_02,2024-09-30,"(10, 5, 3)","(5, 8, 11)",False,0,100
20240930_03,2024-09-30,"(3, 7, 6)","(2, 3, 7)",False,0,100
20240930_04,2024-09-30,"(2, 9, 4)","(2, 9, 1)",False,0,100
20240930_05,2024-09-30,"(6, 1, 7)","(6, 4, 9)",False,0,100
20240930_06,2024-09-30,"(1, 2, 7)","(5, 6, 1)",False,0,100
20240930_07,2024-09-30,"(8, 2, 6)","(8, 2, 7)",False,0,100
20240930_08,2024-09-30,"(8, 2, 4)","(8, 2, 4)",True,450,100
20240930_09,2024-09-30,"(7, 8, 1)","(5, 4, 3)",False,0,100
20240930_11,2024-09-30,"(2, 8, 4)","(2, 4, 8)",False,0,100
20240930_12,2024-09-30,"(4, 6, 5)","(4, 6, 2)",False,0,100
20241001_01,2024-10-01,"(7, 3, 8)","(7, 6, 3)",False,0,100
20241001_02,2024-10-01,"(3, 9, 2)","(3, 2, 4)",False,0,100
20241001_03,2024-10-01,"(10, 2, 5)","(10, 1, 5)",False,0,100
20241001_04,2024-10-01,"(9, 1, 8)","(9, 1, 8)",True,130,100
20241001_05,2024-10-01,"(11, 2, 3)","(3, 1, 4)",False,0,100
20241001_06,2024-10-01,"(9, 11, 8)","(9, 5, 8)",False,0,100
20241001_07,2024-10-01,"(10, 3, 9)","(10, 9, 3)",False,0,100
20241001_08,2024-10-01,"(10, 4, 7)","(1, 5, 7)",False,0,100
20241001_09,2024-10-01,"(2, 11, 1)","(5, 2, 11)",False,0,100
20241001_10,2024-10-01,"(4, 7, 2)","(2, 4, 6)",False,0,100
20241001_11,2024-10-01,"(3, 1, 7)","(3, 2, 7)",False,0,100
20241001_12,2024-10-01,"(7, 2, 3)","(5, 7, 6)",False,0,100
20241005_01,2024-10-05,"(1, 2, 9)","(1, 7, 2)",False,0,100
20241005_02,2024-10-05,"(2, 8, 1)","(3, 10, 8)",False,0,100
20241005_03,2024-10-05,"(1, 5, 6)","(4, 10, 1)",False,0,100
20241005_04,2024-10-05,"(1, 6, 7)","(6, 2, 7)",False,0,100
20241005_05,2024-10-05,"(1, 5, 7)","(1, 7, 5)",False,0,100
20241005_06,2024-10-05,"(7, 10, 8)","(3, 7, 8)",False,0,100
20241005_07,2024-10-05,"(3, 8, 5)","(3, 5, 8)",False,0,100
20241005_08,2024-10-05,"(5, 3, 2)","(5, 9, 7)",False,0,100
20241005_09,2024-10-05,"(3, 8, 9)","(8, 2, 3)",False,0,100
20241005_10,2024-10-05,"(6, 8, 3)","(6, 8, 5)",False,0,100
20241005_11,2024-10-05,"(6, 5, 10)","(8, 3, 7)",False,0,100
20241005_12,2024-10-05,"(6, 5, 3)","(2, 5, 3)",False,0,100
20241008_01,2024-10-08,"(3, 5, 1)","(3, 5, 9)",False,0,100
20241008_02,2024-10-08,"(3, 9, 4)","(9, 5, 7)",False,0,100
20241008_03,2024-10-08,"(4, 9, 7)","(4, 3, 5)",False,0,100
20241008_04,2024-10-08,"(3, 6, 7)","(2, 5, 3)",False,0,100
20241008_05,2024-10-08,"(6, 4, 5)","(6, 4, 1)",False,0,100
20241008_06,2024-10-08,"(8, 10, 7)","(10, 9, 7)",False,0,100
20241008_07,2024-10-08,"(7, 5, 4)","(3, 7, 4)",False,0,100
20241008_08,2024-10-08,"(2, 10, 4)","(4, 8, 10)",False,0,100
20241008_09,2024-10-08,"(4, 2, 3)","(4, 2, 5)",False,0,100
20241008_10,2024-10-08,"(3, 7, 6)","(3, 1, 7)",False,0,100
20241008_11,2024-10-08,"(2, 1, 9)","(2, 1, 9)",True,130,100
20241008_12,2024-10-08,"(1, 7, 3)","(4, 1, 8)",False,0,100
20241013_01,2024-10-13,"(6, 4, 9)","(6, 7, 9)",False,0,100
20241013_02,2024-10-13,"(2, 6, 3)","(2, 10, 6)",False,0,100
20241013_03,2024-10-13,"(8, 9, 4)","(9, 8, 1)",False,0,100
20241013_04,2024-10-13,"(9, 6, 4)","(9, 4, 10)",False,0,100
20241013_05,2024-10-13,"(8, 10, 6)","(8, 2, 6)",False,0,100
20241013_06,2024-10-13,"(10, 5, 6)","(5, 11, 2)",False,0,100
20241013_07,2024-10-13,"(3, 4, 8)","(3, 7, 6)",False,0,100
20241013_08,2024-10-13,"(12, 8, 1)","(8, 3, 10)",False,0,100
20241013_09,2024-10-13,"(1, 11, 8)","(1, 11, 12)",False,0,100
20241013_10,2024-10-13,"(1, 5, 4)","(5, 1, 6)",False,0,100
20241015_01,2024-10-15,"(2, 4, 3)","(2, 3, 4)",False,0,100
20241015_02,2024-10-15,"(11, 5, 2)","(11, 9, 2)",False,0,100
20241015_03,2024-10-15,"(7, 5, 2)","(6, 7, 4)",False,0,100
20241015_04,2024-10-15,"(8, 6, 2)","(2, 1, 8)",False,0,100
20241015_05,2024-10-15,"(3, 5, 1)","(1, 2, 3)",False,0,100
20241015_06,2024-10-15,"(1, 10, 9)","(1, 10, 3)",False,0,100
20241015_07,2024-10-15,"(10, 9, 5)","(10, 9, 5)",True,120,100
20241015_08,2024-10-15,"(5, 9, 6)","(5, 6, 3)",False,0,100
20241015_09,2024-10-15,"(6, 4, 3)","(6, 2, 7)",False,0,100
20241015_10,2024-10-15,"(2, 5, 3)","(2, 5, 1)",False,0,100
20241015_11,2024-10-15,"(9, 5, 4)","(9, 4, 5)",False,0,100
20241020_01,2024-10-20,"(7, 3, 4)","(7, 4, 6)",False,0,100
20241020_02,2024-10-20,"(8, 3, 6)","(3, 8, 1)",False,0,100
20241020_03,2024-10-20,"(6, 1, 9)","(6, 1, 5)",False,0,100
20241020_04,2024-10-20,"(4, 7, 2)","(4, 6, 8)",False,0,100
20241020_05,2024-10-20,"(6, 8, 7)","(7, 4, 8)",False,0,100
20241020_06,2024-10-20,"(2, 7, 5)","(2, 7, 5)",True,120,100
20241020_07,2024-10-20,"(5, 3, 6)","(5, 3, 6)",True,190,100
20241020_08,2024-10-20,"(9, 1, 4)","(9, 4, 5)",False,0,100
20241020_09,2024-10-20,"(7, 3, 8)","(6, 3, 9)",False,0,100
20241020_10,2024-10-20,"(7, 2, 10)","(10, 7, 8)",False,0,100
20241021_01,2024-10-21,"(10, 8, 3)","(10, 4, 3)",False,0,100
20241021_02,2024-10-21,"(3, 7, 1)","(7, 3, 2)",False,0,100
20241021_03,2024-10-21,"(2, 7, 5)","(8, 7, 5)",False,0,100
20241021_04,2024-10-21,"(5, 1, 2)","(1, 2, 5)",False,0,100
20241021_05,2024-10-21,"(10, 3, 9)","(3, 6, 10)",False,0,100
20241021_06,2024-10-21,"(9, 1, 4)","(9, 2, 3)",False,0,100
20241021_07,2024-10-21,"(5, 3, 6)","(5, 8, 2)",False,0,100
20241021_08,2024-10-21,"(7, 10, 9)","(3, 7, 2)",False,0,100
20241021_09,2024-10-21,"(5, 2, 3)","(2, 6, 8)",False,0,100
20241021_10,2024-10-21,"(6, 8, 7)","(2, 7, 10)",False,0,100
20241021_11,2024-10-21,"(6, 7, 3)","(3, 6, 5)",False,0,100
20241022_01,2024-10-22,"(11, 1, 2)","(11, 9, 4)",False,0,100
20241022_02,2024-10-22,"(10, 4, 2)","(10, 4, 9)",False,0,100
20241022_03,2024-10-22,"(7, 8, 6)","(7, 8, 6)",True,120,100
20241022_04,2024-10-22,"(5, 3, 7)","(5, 3, 4)",False,0,100
20241022_05,2024-10-22,"(1, 2, 8)","(1, 2, 4)",False,0,100
20241022_06,2024-10-22,"(10, 3, 7)","(3, 10, 2)",False,0,100
20241022_07,2024-10-22,"(7, 1, 4)","(7, 6, 3)",False,0,100
20241022_08,2024-10-22,"(4, 7, 9)","(1, 7, 4)",False,0,100
20241022_09,2024-10-22,"(4, 5, 2)","(4, 2, 1)",False,0,100
20241022_10,2024-10-22,"(6, 7, 8)","(3, 6, 2)",False,0,100
20241022_11,2024-10-22,"(7, 4, 5)","(7, 6, 4)",False,0,100
20241027_01,2024-10-27,"(8, 6, 4)","(8, 5, 3)",False,0,100
20241027_02,2024-10-27,"(3, 7, 2)","(3, 2, 7)",False,0,100
20241027_03,2024-10-27,"(2, 4, 6)","(2, 4, 3)",False,0,100
20241027_04,2024-10-27,"(3, 7, 2)","(3, 7, 2)",True,750,100
20241027_05,2024-10-27,"(3, 2, 9)","(3, 4, 9)",False,0,100
20241027_06,2024-10-27,"(7, 6, 9)","(7, 9, 6)",False,0,100
20241027_07,2024-10-27,"(1, 2, 6)","(1, 3, 5)",False,0,100
20241027_08,2024-10-27,"(4, 5, 1)","(5, 4, 1)",False,0,100
20241027_09,2024-10-27,"(3, 6, 4)","(7, 3, 5)",False,0,100
20241027_10,2024-10-27,"(7, 8, 5)","(7, 8, 3)",False,0,100
20241027_11,2024-10-27,"(8, 3, 5)","(3, 5, 1)",False,0,100
20241029_01,2024-10-29,"(3, 1, 2)","(2, 3, 5)",False,0,100
20241029_02,2024-10-29,"(3, 9, 6)","(3, 6, 9)",False,0,100
20241029_03,2024-10-29,"(7, 3, 5)","(7, 5, 6)",False,0,100
20241029_04,2024-10-29,"(5, 3, 9)","(9, 6, 5)",False,0,100
20241029_05,2024-10-29,"(3, 2, 4)","(3, 2, 8)",False,0,100
20241029_06,2024-10-29,"(12, 9, 4)","(3, 12, 9)",False,0,100
20241029_07,2024-10-29,"(4, 1, 2)","(4, 1, 2)",True,130,100
20241029_08,2024-10-29,"(3, 9, 4)","(5, 4, 9)",False,0,100
20241029_09,2024-10-29,"(4, 5, 2)","(9, 2, 6)",False,0,100
20241029_10,2024-10-29,"(6, 8, 7)","(6, 5, 4)",False,0,100
20241029_11,2024-10-29,"(5, 6, 2)","(5, 6, 1)",False,0,100
20241102_01,2024-11-02,"(6, 2, 4)","(6, 2, 5)",False,0,100
20241102_02,2024-11-02,"(2, 6, 3)","(2, 3, 4)",False,0,100
20241102_03,2024-11-02,"(4, 6, 2)","(4, 1, 2)",False,0,100
20241102_04,2024-11-02,"(4, 5, 6)","(4, 5, 8)",False,0,100
20241102_05,2024-11-02,"(4, 9, 1)","(3, 1, 7)",False,0,100
20241102_06,2024-11-02,"(5, 1, 4)","(7, 1, 5)",False,0,100
20241102_07,2024-11-02,"(3, 8, 6)","(3, 8, 6)",True,300,100
20241102_08,2024-11-02,"(1, 5, 7)","(1, 4, 9)",False,0,100
20241102_09,2024-11-02,"(2, 8, 1)","(2, 8, 1)",True,110,100
20241102_10,2024-11-02,"(8, 2, 6)","(2, 4, 8)",False,0,100
20241102_11,2024-11-02,"(3, 2, 8)","(3, 6, 2)",False,0,100
20241102_12,2024-11-02,"(4, 2, 5)","(4, 5, 2)",False,0,100
20241103_01,2024-11-03,"(4, 1, 8)","(4, 2, 1)",False,0,100
20241103_02,2024-11-03,"(7, 2, 9)","(7, 3, 4)",False,0,100
20241103_03,2024-11-03,"(3, 9, 6)","(6, 9, 2)",False,0,100
20241103_04,2024-11-03,"(1, 6, 2)","(6, 2, 1)",False,0,100
20241103_05,2024-11-03,"(1, 2, 8)","(1, 5, 6)",False,0,100
20241103_06,2024-11-03,"(5, 1, 6)","(1, 6, 3)",False,0,100
20241103_07,2024-11-03,"(9, 8, 3)","(8, 9, 6)",False,0,100
20241103_08,2024-11-03,"(9, 7, 5)","(9, 7, 8)",False,0,100
20241103_09,2024-11-03,"(1, 8, 10)","(3, 1, 10)",False,0,100
20241103_10,2024-11-03,"(4, 7, 2)","(4, 1, 6)",False,0,100
20241103_11,2024-11-03,"(7, 6, 8)","(7, 8, 1)",False,0,100
20241103_12,2024-11-03,"(7, 4, 9)","(4, 7, 9)",False,0,100
20241105_01,2024-11-05,"(2, 5, 4)","(2, 5, 1)",False,0,100
20241105_02,2024-11-05,"(5, 7, 1)","(1, 2, 5)",False,0,100
20241105_03,2024-11-05,"(5, 2, 7)","(5, 6, 3)",False,0,100
20241105_04,2024-11-05,"(3, 4, 6)","(3, 4, 6)",True,260,100
20241105_05,2024-11-05,"(1, 5, 4)","(5, 8, 1)",False,0,100
20241105_06,2024-11-05,"(4, 7, 6)","(4, 5, 6)",False,0,100
20241105_07,2024-11-05,"(6, 4, 3)","(6, 3, 1)",False,0,100
20241105_08,2024-11-05,"(8, 2, 3)","(2, 8, 3)",False,0,100
20241105_09,2024-11-05,"(2, 7, 6)","(2, 8, 6)",False,0,100
20241105_10,2024-11-05,"(6, 8, 1)","(8, 1, 4)",False,0,100
20241105_11,2024-11-05,"(3, 2, 4)","(3, 4, 1)",False,0,100
20241105_12,2024-11-05,"(5, 7, 2)","(5, 4, 2)",False,0,100
20241110_01,2024-11-10,"(7, 4, 8)","(9, 4, 8)",False,0,100
20241110_02,2024-11-10,"(9, 4, 2)","(1, 9, 4)",False,0,100
20241110_03,2024-11-10,"(2, 3, 5)","(2, 3, 8)",False,0,100
20241110_04,2024-11-10,"(2, 4, 7)","(2, 4, 7)",True,1000,100
20241110_05,2024-11-10,"(8, 3, 7)","(4, 8, 2)",False,0,100
20241110_06,2024-11-10,"(1, 3, 7)","(1, 3, 6)",False,0,100
20241110_07,2024-11-10,"(5, 7, 3)","(5, 3, 7)",False,0,100
20241110_08,2024-11-10,"(4, 9, 6)","(4, 9, 6)",True,100,100
20241110_09,2024-11-10,"(5, 3, 2)","(2, 5, 1)",False,0,100
20241110_10,2024-11-10,"(9, 5, 8)","(5, 8, 6)",False,0,100
20241110_11,2024-11-10,"(4, 11, 5)","(4, 11, 6)",False,0,100
20241112_01,2024-11-12,"(2, 3, 6)","(3, 6, 1)",False,0,100
20241112_02,2024-11-12,"(7, 4, 1)","(1, 4, 7)",False,0,100
20241112_03,2024-11-12,"(3, 7, 1)","(3, 7, 1)",True,140,100
20241112_04,2024-11-12,"(7, 9, 1)","(9, 7, 1)",False,0,100
20241112_05,2024-11-12,"(7, 1, 6)","(9, 1, 7)",False,0,100
20241112_06,2024-11-12,"(2, 5, 4)","(2, 5, 4)",True,880,100
20241112_07,2024-11-12,"(1, 5, 7)","(5, 7, 1)",False,0,100
20241112_08,2024-11-12,"(3, 4, 7)","(3, 1, 8)",False,0,100
20241112_09,2024-11-12,"(7, 5, 2)","(5, 7, 3)",False,0,100
20241112_10,2024-11-12,"(4, 5, 1)","(4, 1, 2)",False,0,100
20241112_11,2024-11-12,"(7, 2, 6)","(7, 6, 3)",False,0,100
20241112_12,2024-11-12,"(3, 2, 5)","(3, 5, 6)",False,0,100
20241117_01,2024-11-17,"(7, 2, 8)","(5, 2, 4)",False,0,100
20241117_02,2024-11-17,"(9, 7, 4)","(4, 9, 5)",False,0,100
20241117_03,2024-11-17,"(3, 4, 7)","(7, 4, 2)",False,0,100
20241117_04,2024-11-17,"(6, 9, 7)","(7, 4, 2)",False,0,100
20241117_05,2024-11-17,"(7, 1, 3)","(7, 1, 3)",True,1110,100
20241117_06,2024-11-17,"(7, 5, 2)","(7, 5, 3)",False,0,100
20241117_07,2024-11-17,"(5, 1, 2)","(1, 5, 4)",False,0,100
20241117_08,2024-11-17,"(4, 8, 9)","(3, 4, 8)",False,0,100
20241117_09,2024-11-17,"(2, 7, 4)","(2, 3, 4)",False,0,100
20241117_10,2024-11-17,"(1, 3, 4)","(4, 2, 1)",False,0,100
20241117_11,2024-11-17,"(4, 2, 3)","(2, 4, 3)",False,0,100
20241118_01,2024-11-18,"(3, 8, 5)","(3, 5, 7)",False,0,100
20241118_02,2024-11-18,"(9, 5, 2)","(6, 3, 9)",False,0,100
20241118_03,2024-11-18,"(9, 2, 6)","(9, 1, 7)",False,0,100
20241118_04,2024-11-18,"(10, 1, 4)","(10, 4, 6)",False,0,100
20241118_05,2024-11-18,"(8, 6, 3)","(3, 8, 1)",False,0,100
20241118_06,2024-11-18,"(6, 3, 4)","(6, 1, 3)",False,0,100
20241118_07,2024-11-18,"(5, 3, 4)","(8, 5, 4)",False,0,100
20241118_08,2024-11-18,"(6, 1, 2)","(1, 6, 7)",False,0,100
20241118_09,2024-11-18,"(5, 6, 2)","(2, 5, 8)",False,0,100
20241118_10,2024-11-18,"(7, 2, 5)","(2, 7, 3)",False,0,100
20241118_11,2024-11-18,"(6, 5, 1)","(5, 6, 4)",False,0,100
20241118_12,2024-11-18,"(7, 3, 6)","(3, 8, 7)",False,0,100
20241119_01,2024-11-19,"(4, 8, 7)","(1, 4, 2)",False,0,100
20241119_02,2024-11-19,"(5, 6, 3)","(6, 10, 5)",False,0,100
20241119_03,2024-11-19,"(1, 8, 4)","(3, 1, 2)",False,0,100
20241119_04,2024-11-19,"(3, 7, 9)","(5, 2, 3)",False,0,100
20241119_05,2024-11-19,"(6, 5, 2)","(6, 3, 4)",False,0,100
20241119_06,2024-11-19,"(5, 3, 8)","(6, 4, 2)",False,0,100
20241119_07,2024-11-19,"(4, 1, 2)","(1, 2, 7)",False,0,100
20241119_08,2024-11-19,"(1, 8, 9)","(1, 8, 3)",False,0,100
20241119_09,2024-11-19,"(9, 2, 1)","(9, 6, 8)",False,0,100
20241119_10,2024-11-19,"(4, 6, 2)","(4, 1, 6)",False,0,100
20241119_11,2024-11-19,"(1, 4, 6)","(1, 3, 4)",False,0,100
20241119_12,2024-11-19,"(3, 1, 4)","(5, 6, 1)",False,0,100
20241124_01,2024-11-24,"(4, 1, 5)","(3, 4, 9)",False,0,100
20241124_02,2024-11-24,"(7, 8, 4)","(7, 5, 2)",False,0,100
20241124_03,2024-11-24,"(7, 6, 4)","(7, 3, 2)",False,0,100
20241124_04,2024-11-24,"(4, 2, 7)","(2, 4, 5)",False,0,100
20241124_05,2024-11-24,"(2, 5, 3)","(5, 6, 3)",False,0,100
20241124_06,2024-11-24,"(1, 8, 9)","(1, 9, 4)",False,0,100
20241124_07,2024-11-24,"(7, 5, 3)","(7, 5, 6)",False,0,100
20241124_08,2024-11-24,"(8, 2, 6)","(8, 5, 4)",False,0,100
20241124_09,2024-11-24,"(5, 3, 4)","(5, 3, 6)",False,0,100
20241124_10,2024-11-24,"(3, 7, 1)","(2, 3, 1)",False,0,100
20241124_11,2024-11-24,"(5, 10, 1)","(8, 3, 1)",False,0,100
20241126_01,2024-11-26,"(3, 7, 1)","(7, 9, 1)",False,0,100
20241126_02,2024-11-26,"(8, 4, 1)","(8, 4, 1)",True,100,100
20241126_03,2024-11-26,"(4, 2, 3)","(2, 4, 6)",False,0,100
20241126_04,2024-11-26,"(7, 4, 3)","(7, 4, 8)",False,0,100
20241126_05,2024-11-26,"(2, 5, 4)","(2, 1, 4)",False,0,100
20241126_06,2024-11-26,"(8, 7, 5)","(8, 1, 5)",False,0,100
20241126_07,2024-11-26,"(9, 6, 4)","(6, 1, 5)",False,0,100
20241126_08,2024-11-26,"(9, 7, 2)","(2, 9, 4)",False,0,100
20241126_09,2024-11-26,"(2, 8, 3)","(2, 4, 8)",False,0,100
20241126_10,2024-11-26,"(1, 5, 7)","(1, 2, 9)",False,0,100
20241126_11,2024-11-26,"(5, 4, 6)","(8, 4, 6)",False,0,100
20241126_12,2024-11-26,"(4, 2, 1)","(4, 1, 5)",False,0,100
20250406_01,2025-04-06,"(2, 4, 9)","(7, 9, 1)",False,0,100
20250406_02,2025-04-06,"(7, 4, 6)","(7, 4, 6)",True,130,100
20250406_03,2025-04-06,"(8, 1, 7)","(8, 5, 10)",False,0,100
20250406_04,2025-04-06,"(4, 6, 8)","(4, 3, 2)",False,0,100
20250406_05,2025-04-06,"(6, 2, 3)","(6, 4, 3)",False,0,100
20250406_06,2025-04-06,"(7, 2, 1)","(7, 2, 9)",False,0,100
20250406_07,2025-04-06,"(10, 2, 11)","(2, 4, 10)",False,0,100
20250406_08,2025-04-06,"(3, 7, 2)","(3, 10, 2)",False,0,100
20250406_09,2025-04-06,"(3, 4, 7)","(4, 3, 1)",False,0,100
20250406_10,2025-04-06,"(5, 10, 6)","(5, 6, 10)",False,0,100
20250406_11,2025-04-06,"(5, 4, 3)","(5, 6, 4)",False,0,100
20250408_01,2025-04-08,"(2, 4, 1)","(2, 4, 5)",False,0,100
20250408_02,2025-04-08,"(6, 7, 2)","(7, 6, 2)",False,0,100
20250408_03,2025-04-08,"(2, 4, 10)","(10, 6, 2)",False,0,100
20250408_04,2025-04-08,"(3, 10, 6)","(3, 10, 4)",False,0,100
20250408_05,2025-04-08,"(7, 9, 4)","(7, 4, 3)",False,0,100
20250408_06,2025-04-08,"(6, 2, 5)","(2, 6, 4)",False,0,100
20250408_07,2025-04-08,"(4, 3, 7)","(4, 3, 7)",True,290,100
20250408_08,2025-04-08,"(6, 7, 4)","(6, 9, 7)",False,0,100
20250408_09,2025-04-08,"(4, 5, 1)","(4, 1, 3)",False,0,100
20250408_10,2025-04-08,"(2, 6, 10)","(2, 4, 5)",False,0,100
20250408_11,2025-04-08,"(1, 5, 4)","(1, 5, 3)",False,0,100
20250408_12,2025-04-08,"(3, 8, 4)","(8, 4, 3)",False,0,100
20250413_01,2025-04-13,"(9, 1, 4)","(1, 3, 9)",False,0,100
20250413_02,2025-04-13,"(5, 9, 3)","(5, 3, 1)",False,0,100
20250413_03,2025-04-13,"(5, 8, 3)","(3, 5, 1)",False,0,100
20250413_04,2025-04-13,"(3, 9, 1)","(3, 1, 6)",False,0,100
20250413_05,2025-04-13,"(4, 1, 7)","(4, 2, 7)",False,0,100
20250413_06,2025-04-13,"(6, 2, 5)","(2, 6, 5)",False,0,100
20250413_07,2025-04-13,"(7, 6, 4)","(6, 1, 9)",False,0,100
20250413_08,2025-04-13,"(3, 8, 9)","(3, 4, 2)",False,0,100
20250413_09,2025-04-13,"(4, 7, 5)","(4, 7, 9)",False,0,100
20250413_10,2025-04-13,"(4, 2, 1)","(4, 1, 5)",False,0,100
20250413_11,2025-04-13,"(11, 4, 3)","(11, 10, 3)",False,0,100
20250415_01,2025-04-15,"(10, 1, 5)","(7, 2, 6)",False,0,100
20250415_02,2025-04-15,"(7, 5, 4)","(7, 4, 8)",False,0,100
20250415_03,2025-04-15,"(9, 6, 2)","(3, 9, 4)",False,0,100
20250415_04,2025-04-15,"(4, 6, 5)","(6, 2, 4)",False,0,100
20250415_05,2025-04-15,"(4, 6, 1)","(1, 10, 6)",False,0,100
20250415_06,2025-04-15,"(8, 1, 6)","(8, 2, 1)",False,0,100
20250415_07,2025-04-15,"(1, 2, 6)","(6, 4, 1)",False,0,100
20250415_08,2025-04-15,"(1, 6, 8)","(1, 2, 8)",False,0,100
20250415_09,2025-04-15,"(9, 8, 5)","(9, 6, 4)",False,0,100
20250415_10,2025-04-15,"(1, 6, 10)","(1, 5, 2)",False,0,100
20250415_11,2025-04-15,"(2, 10, 6)","(2, 5, 10)",False,0,100
20250415_12,2025-04-15,"(5, 7, 6)","(5, 10, 4)",False,0,100
20250420_01,2025-04-20,"(5, 3, 7)","(4, 3, 5)",False,0,100
20250420_02,2025-04-20,"(5, 3, 8)","(3, 8, 4)",False,0,100
20250420_03,2025-04-20,"(1, 4, 2)","(1, 7, 4)",False,0,100
20250420_04,2025-04-20,"(3, 1, 4)","(3, 4, 1)",False,0,100
20250420_05,2025-04-20,"(5, 2, 4)","(5, 2, 3)",False,0,100
20250420_06,2025-04-20,"(2, 3, 4)","(2, 1, 3)",False,0,100
20250420_07,2025-04-20,"(8, 10, 6)","(8, 10, 5)",False,0,100
20250420_08,2025-04-20,"(1, 6, 5)","(8, 1, 4)",False,0,100
20250420_09,2025-04-20,"(1, 6, 10)","(10, 6, 7)",False,0,100
20250420_10,2025-04-20,"(5, 7, 2)","(2, 5, 1)",False,0,100
20250420_11,2025-04-20,"(3, 4, 5)","(3, 1, 7)",False,0,100
20250422_01,2025-04-22,"(6, 3, 8)","(8, 3, 7)",False,0,100
20250422_02,2025-04-22,"(4, 2, 9)","(9, 8, 4)",False,0,100
20250422_03,2025-04-22,"(1, 4, 7)","(1, 7, 3)",False,0,100
20250422_04,2025-04-22,"(6, 3, 9)","(9, 6, 4)",False,0,100
20250422_05,2025-04-22,"(4, 11, 6)","(5, 6, 2)",False,0,100
20250422_06,2025-04-22,"(1, 5, 6)","(1, 5, 3)",False,0,100
20250422_08,2025-04-22,"(2, 5, 3)","(7, 3, 4)",False,0,100
20250422_09,2025-04-22,"(6, 1, 9)","(6, 10, 1)",False,0,100
20250422_10,2025-04-22,"(4, 3, 1)","(4, 1, 6)",False,0,100
20250422_11,2025-04-22,"(3, 4, 8)","(1, 4, 3)",False,0,100
20250422_12,2025-04-22,"(3, 9, 1)","(2, 3, 5)",False,0,100
20250427_01,2025-04-27,"(9, 4, 2)","(9, 4, 5)",False,0,100
20250427_02,2025-04-27,"(6, 7, 9)","(6, 7, 1)",False,0,100
20250427_03,2025-04-27,"(7, 4, 2)","(7, 10, 2)",False,0,100
20250427_04,2025-04-27,"(2, 5, 6)","(2, 5, 10)",False,0,100
20250427_05,2025-04-27,"(7, 6, 3)","(1, 3, 4)",False,0,100
20250427_06,2025-04-27,"(6, 3, 2)","(6, 2, 5)",False,0,100
20250427_07,2025-04-27,"(8, 1, 2)","(2, 4, 7)",False,0,100
20250427_08,2025-04-27,"(10, 6, 3)","(10, 8, 7)",False,0,100
20250427_09,2025-04-27,"(8, 2, 5)","(8, 5, 2)",False,0,100
20250427_10,2025-04-27,"(1, 5, 4)","(4, 2, 7)",False,0,100
20250427_11,2025-04-27,"(1, 6, 7)","(8, 1, 7)",False,0,100
20250427_12,2025-04-27,"(4, 9, 1)","(1, 9, 2)",False,0,100
20250429_01,2025-04-29,"(4, 8, 6)","(8, 4, 3)",False,0,100
20250429_02,2025-04-29,"(3, 7, 5)","(5, 2, 9)",False,0,100
20250429_03,2025-04-29,"(6, 10, 2)","(3, 6, 2)",False,0,100
20250429_04,2025-04-29,"(10, 3, 7)","(3, 10, 5)",False,0,100
20250429_05,2025-04-29,"(8, 2, 6)","(8, 6, 2)",False,0,100
20250429_06,2025-04-29,"(5, 6, 7)","(6, 7, 1)",False,0,100
20250429_07,2025-04-29,"(4, 3, 7)","(4, 3, 5)",False,0,100
20250429_08,2025-04-29,"(8, 1, 3)","(8, 1, 10)",False,0,100
20250429_09,2025-04-29,"(2, 8, 5)","(1, 5, 8)",False,0,100
20250429_10,2025-04-29,"(7, 1, 4)","(5, 4, 1)",False,0,100
20250429_11,2025-04-29,"(8, 2, 4)","(5, 10, 4)",False,0,100
20250429_12,2025-04-29,"(1, 4, 3)","(1, 4, 2)",False,0,100
20250505_01,2025-05-05,"(9, 4, 2)","(9, 2, 4)",False,0,100
20250505_02,2025-05-05,"(4, 9, 1)","(4, 10, 1)",False,0,100
20250505_03,2025-05-05,"(2, 8, 7)","(2, 7, 1)",False,0,100
20250505_04,2025-05-05,"(4, 9, 1)","(4, 3, 7)",False,0,100
20250505_05,2025-05-05,"(4, 6, 3)","(5, 4, 2)",False,0,100
20250505_06,2025-05-05,"(3, 10, 8)","(10, 3, 2)",False,0,100
20250505_07,2025-05-05,"(10, 5, 2)","(10, 2, 4)",False,0,100
20250505_08,2025-05-05,"(5, 10, 4)","(5, 10, 4)",True,330,100
20250505_09,2025-05-05,"(3, 4, 1)","(3, 4, 1)",True,130,100
20250505_10,2025-05-05,"(6, 2, 8)","(5, 1, 2)",False,0,100
20250505_11,2025-05-05,"(4, 2, 10)","(4, 7, 8)",False,0,100
20250505_12,2025-05-05,"(10, 3, 2)","(10, 6, 8)",False,0,100
20250506_01,2025-05-06,"(6, 1, 5)","(6, 1, 8)",False,0,100
20250506_02,2025-05-06,"(4, 6, 9)","(2, 9, 3)",False,0,100
20250506_03,2025-05-06,"(5, 3, 8)","(5, 4, 3)",False,0,100
20250506_04,2025-05-06,"(2, 3, 8)","(2, 1, 5)",False,0,100
20250506_05,2025-05-06,"(1, 4, 7)","(1, 2, 7)",False,0,100
20250506_06,2025-05-06,"(2, 3, 1)","(2, 1, 5)",False,0,100
20250506_07,2025-05-06,"(5, 3, 7)","(6, 3, 7)",False,0,100
20250506_08,2025-05-06,"(7, 8, 4)","(7, 8, 4)",True,140,100
20250506_09,2025-05-06,"(10, 6, 3)","(3, 5, 4)",False,0,100
20250506_10,2025-05-06,"(3, 4, 8)","(8, 3, 6)",False,0,100
20250511_05,2025-05-11,"(2, 6, 8)","(2, 6, 1)",False,0,100
20250511_06,2025-05-11,"(2, 5, 4)","(2, 1, 5)",False,0,100
20250511_07,2025-05-11,"(8, 4, 5)","(8, 6, 4)",False,0,100
20250511_08,2025-05-11,"(8, 3, 2)","(3, 4, 8)",False,0,100
20250511_09,2025-05-11,"(6, 2, 3)","(2, 9, 8)",False,0,100
20250511_10,2025-05-11,"(4, 7, 1)","(4, 7, 1)",True,190,100
20250511_11,2025-05-11,"(8, 3, 6)","(10, 8, 6)",False,0,100
20250513_01,2025-05-13,"(1, 2, 9)","(2, 1, 9)",False,0,100
20250513_02,2025-05-13,"(4, 3, 5)","(7, 10, 9)",False,0,100
20250513_03,2025-05-13,"(2, 9, 3)","(2, 6, 7)",False,0,100
20250513_04,2025-05-13,"(4, 10, 8)","(10, 8, 3)",False,0,100
20250513_05,2025-05-13,"(5, 3, 10)","(5, 3, 2)",False,0,100
20250513_06,2025-05-13,"(2, 1, 3)","(2, 5, 7)",False,0,100
20250513_07,2025-05-13,"(11, 5, 2)","(11, 5, 3)",False,0,100
20250513_08,2025-05-13,"(8, 3, 1)","(8, 3, 4)",False,0,100
20250513_09,2025-05-13,"(3, 8, 7)","(3, 1, 8)",False,0,100
20250513_10,2025-05-13,"(3, 9, 7)","(9, 4, 7)",False,0,100
20250513_11,2025-05-13,"(4, 9, 7)","(7, 4, 1)",False,0,100
20250513_12,2025-05-13,"(7, 9, 6)","(7, 10, 9)",False,0,100
20250518_01,2025-05-18,"(4, 7, 5)","(7, 4, 3)",False,0,100
20250518_02,2025-05-18,"(3, 4, 2)","(3, 7, 4)",False,0,100
20250518_03,2025-05-18,"(8, 4, 3)","(8, 3, 5)",False,0,100
20250518_04,2025-05-18,"(3, 7, 1)","(8, 3, 7)",False,0,100
20250518_05,2025-05-18,"(1, 2, 5)","(2, 5, 1)",False,0,100
20250518_06,2025-05-18,"(7, 5, 1)","(4, 7, 5)",False,0,100
20250518_07,2025-05-18,"(6, 5, 8)","(6, 5, 2)",False,0,100
20250518_08,2025-05-18,"(8, 4, 10)","(4, 8, 10)",False,0,100
20250518_09,2025-05-18,"(3, 7, 6)","(5, 3, 7)",False,0,100
20250518_10,2025-05-18,"(2, 3, 1)","(2, 5, 10)",False,0,100
20250518_11,2025-05-18,"(5, 10, 2)","(5, 2, 6)",False,0,100
20250520_01,2025-05-20,"(5, 2, 9)","(5, 9, 3)",False,0,100
20250520_02,2025-05-20,"(8, 7, 5)","(5, 7, 6)",False,0,100
20250520_03,2025-05-20,"(3, 6, 7)","(3, 6, 2)",False,0,100
20250520_04,2025-05-20,"(5, 9, 6)","(5, 6, 2)",False,0,100
20250520_05,2025-05-20,"(2, 5, 4)","(2, 4, 1)",False,0,100
20250520_06,2025-05-20,"(9, 1, 7)","(9, 1, 3)",False,0,100
20250520_07,2025-05-20,"(4, 2, 1)","(4, 6, 2)",False,0,100
20250520_08,2025-05-20,"(6, 8, 5)","(2, 6, 9)",False,0,100
20250520_09,2025-05-20,"(5, 2, 6)","(2, 4, 7)",False,0,100
20250520_10,2025-05-20,"(1, 7, 6)","(1, 7, 4)",False,0,100
20250520_11,2025-05-20,"(1, 3, 2)","(3, 4, 1)",False,0,100
20250520_12,2025-05-20,"(7, 4, 9)","(5, 7, 6)",False,0,100
20250526_01,2025-05-26,"(6, 1, 2)","(10, 6, 1)",False,0,100
20250526_02,2025-05-26,"(5, 6, 1)","(5, 6, 9)",False,0,100
20250526_03,2025-05-26,"(11, 9, 5)","(4, 9, 6)",False,0,100
20250526_04,2025-05-26,"(6, 8, 4)","(6, 8, 3)",False,0,100
20250526_05,2025-05-26,"(6, 1, 9)","(9, 6, 2)",False,0,100
20250526_06,2025-05-26,"(2, 5, 9)","(5, 6, 2)",False,0,100
20250526_07,2025-05-26,"(4, 8, 12)","(8, 4, 1)",False,0,100
20250526_08,2025-05-26,"(10, 9, 7)","(4, 6, 7)",False,0,100
20250526_09,2025-05-26,"(8, 6, 12)","(12, 3, 6)",False,0,100
20250526_10,2025-05-26,"(7, 10, 4)","(3, 2, 6)",False,0,100
20250526_11,2025-05-26,"(2, 11, 10)","(8, 3, 2)",False,0,100
20250526_12,2025-05-26,"(5, 3, 6)","(3, 5, 8)",False,0,100
20250527_01,2025-05-27,"(4, 1, 5)","(3, 1, 5)",False,0,100
20250527_02,2025-05-27,"(1, 2, 4)","(1, 2, 4)",True,960,100
20250527_03,2025-05-27,"(2, 5, 6)","(2, 4, 5)",False,0,100
20250527_04,2025-05-27,"(8, 6, 3)","(2, 3, 1)",False,0,100
20250527_05,2025-05-27,"(3, 2, 4)","(5, 3, 2)",False,0,100
20250527_06,2025-05-27,"(9, 6, 4)","(9, 3, 1)",False,0,100
20250527_07,2025-05-27,"(5, 3, 2)","(3, 1, 2)",False,0,100
20250527_08,2025-05-27,"(8, 5, 1)","(1, 7, 2)",False,0,100
20250527_09,2025-05-27,"(8, 4, 6)","(8, 5, 4)",False,0,100
20250527_10,2025-05-27,"(5, 3, 2)","(1, 2, 5)",False,0,100
20250527_11,2025-05-27,"(2, 3, 4)","(2, 3, 4)",True,280,100
20250602_01,2025-06-02,"(2, 1, 4)","(1, 4, 2)",False,0,100
20250602_02,2025-06-02,"(1, 7, 3)","(3, 4, 6)",False,0,100
20250602_03,2025-06-02,"(8, 6, 5)","(3, 8, 5)",False,0,100
20250602_04,2025-06-02,"(2, 1, 4)","(1, 2, 4)",False,0,100
20250602_05,2025-06-02,"(7, 6, 4)","(4, 3, 7)",False,0,100
20250602_06,2025-06-02,"(10, 9, 8)","(10, 1, 9)",False,0,100
20250602_07,2025-06-02,"(8, 2, 4)","(8, 6, 4)",False,0,100
20250602_08,2025-06-02,"(8, 6, 4)","(4, 6, 8)",False,0,100
20250602_09,2025-06-02,"(9, 4, 3)","(4, 8, 1)",False,0,100
20250602_10,2025-06-02,"(4, 11, 6)","(4, 6, 7)",False,0,100
20250602_11,2025-06-02,"(6, 3, 8)","(8, 5, 1)",False,0,100
20250602_12,2025-06-02,"(7, 9, 8)","(4, 9, 2)",False,0,100
20250603_01,2025-06-03,"(2, 8, 5)","(2, 1, 4)",False,0,100
20250603_02,2025-06-03,"(5, 8, 2)","(8, 9, 5)",False,0,100
20250603_03,2025-06-03,"(10, 2, 5)","(10, 6, 5)",False,0,100
20250603_04,2025-06-03,"(9, 2, 10)","(9, 3, 2)",False,0,100
20250603_05,2025-06-03,"(2, 7, 8)","(8, 2, 5)",False,0,100
20250603_06,2025-06-03,"(11, 7, 10)","(5, 8, 2)",False,0,100
20250603_07,2025-06-03,"(9, 4, 5)","(9, 6, 4)",False,0,100
20250603_08,2025-06-03,"(3, 5, 4)","(2, 1, 5)",False,0,100
20250603_09,2025-06-03,"(3, 4, 5)","(2, 6, 3)",False,0,100
20250603_10,2025-06-03,"(4, 3, 2)","(1, 6, 2)",False,0,100
20250603_11,2025-06-03,"(6, 7, 5)","(7, 5, 10)",False,0,100
20250603_12,2025-06-03,"(3, 5, 6)","(3, 1, 6)",False,0,100
20250608_01,2025-06-08,"(8, 3, 1)","(6, 3, 2)",False,0,100
20250608_02,2025-06-08,"(2, 8, 6)","(8, 10, 1)",False,0,100
20250608_03,2025-06-08,"(6, 8, 7)","(6, 8, 7)",True,140,100
20250608_04,2025-06-08,"(7, 5, 9)","(9, 10, 1)",False,0,100
20250608_05,2025-06-08,"(7, 2, 3)","(2, 4, 6)",False,0,100
20250608_06,2025-06-08,"(7, 5, 9)","(7, 5, 9)",True,130,100
20250608_07,2025-06-08,"(2, 3, 1)","(2, 1, 3)",False,0,100
20250608_08,2025-06-08,"(7, 3, 5)","(3, 7, 9)",False,0,100
20250608_09,2025-06-08,"(8, 2, 7)","(8, 2, 6)",False,0,100
20250608_10,2025-06-08,"(4, 3, 5)","(4, 8, 3)",False,0,100
20250608_11,2025-06-08,"(4, 3, 10)","(3, 4, 7)",False,0,100
20250610_01,2025-06-10,"(4, 2, 8)","(4, 8, 6)",False,0,100
20250610_02,2025-06-10,"(4, 10, 7)","(4, 10, 7)",True,130,100
20250610_03,2025-06-10,"(3, 6, 1)","(3, 1, 2)",False,0,100
20250610_04,2025-06-10,"(1, 7, 3)","(1, 7, 3)",True,140,100
20250610_05,2025-06-10,"(6, 3, 2)","(6, 2, 3)",False,0,100
20250610_06,2025-06-10,"(8, 1, 7)","(8, 3, 5)",False,0,100
20250610_07,2025-06-10,"(2, 1, 4)","(2, 4, 3)",False,0,100
20250610_08,2025-06-10,"(8, 4, 6)","(8, 3, 4)",False,0,100
20250610_09,2025-06-10,"(7, 5, 1)","(6, 1, 3)",False,0,100
20250610_10,2025-06-10,"(1, 8, 3)","(1, 8, 6)",False,0,100
20250610_11,2025-06-10,"(4, 7, 6)","(6, 3, 9)",False,0,100
20250610_12,2025-06-10,"(8, 7, 2)","(4, 5, 1)",False,0,100
20250615_01,2025-06-15,"(3, 2, 4)","(2, 3, 11)",False,0,100
20250615_02,2025-06-15,"(10, 8, 7)","(2, 7, 3)",False,0,100
20250615_03,2025-06-15,"(1, 9, 2)","(2, 3, 1)",False,0,100
20250615_04,2025-06-15,"(8, 2, 1)","(8, 1, 2)",False,0,100
20250615_05,2025-06-15,"(1, 2, 7)","(1, 7, 3)",False,0,100
20250615_06,2025-06-15,"(7, 1, 3)","(7, 4, 5)",False,0,100
20250615_07,2025-06-15,"(1, 5, 9)","(1, 6, 9)",False,0,100
20250615_08,2025-06-15,"(5, 8, 7)","(3, 5, 8)",False,0,100
20250615_09,2025-06-15,"(1, 5, 7)","(1, 12, 4)",False,0,100
20250615_10,2025-06-15,"(5, 8, 6)","(12, 6, 10)",False,0,100
20250615_11,2025-06-15,"(4, 6, 1)","(4, 6, 1)",True,2480,100
20250617_01,2025-06-17,"(3, 9, 2)","(9, 3, 2)",False,0,100
20250617_02,2025-06-17,"(11, 3, 2)","(5, 11, 9)",False,0,100
20250617_03,2025-06-17,"(5, 7, 9)","(9, 5, 4)",False,0,100
20250617_04,2025-06-17,"(6, 3, 8)","(3, 6, 10)",False,0,100
20250617_05,2025-06-17,"(8, 3, 4)","(6, 1, 3)",False,0,100
20250617_06,2025-06-17,"(6, 2, 7)","(7, 3, 6)",False,0,100
20250617_07,2025-06-17,"(2, 6, 8)","(6, 2, 11)",False,0,100
20250617_08,2025-06-17,"(2, 8, 4)","(2, 7, 4)",False,0,100
20250617_09,2025-06-17,"(4, 6, 2)","(4, 6, 2)",True,2180,100
20250617_10,2025-06-17,"(3, 1, 8)","(3, 1, 2)",False,0,100
20250617_11,2025-06-17,"(7, 4, 2)","(2, 1, 7)",False,0,100
20250617_12,2025-06-17,"(10, 6, 5)","(5, 10, 6)",False,0,100
20250623_01,2025-06-23,"(11, 1, 6)","(6, 3, 9)",False,0,100
20250623_02,2025-06-23,"(8, 6, 10)","(8, 7, 11)",False,0,100
20250623_03,2025-06-23,"(6, 9, 1)","(9, 1, 6)",False,0,100
20250623_04,2025-06-23,"(5, 2, 10)","(10, 1, 2)",False,0,100
20250623_05,2025-06-23,"(3, 8, 9)","(7, 2, 8)",False,0,100
20250623_06,2025-06-23,"(2, 7, 9)","(3, 6, 1)",False,0,100
20250623_07,2025-06-23,"(4, 2, 1)","(4, 2, 1)",True,310,100
20250623_08,2025-06-23,"(3, 1, 5)","(3, 1, 4)",False,0,100
20250623_09,2025-06-23,"(4, 8, 9)","(4, 9, 2)",False,0,100
20250623_10,2025-06-23,"(1, 2, 9)","(1, 2, 3)",False,0,100
20250623_11,2025-06-23,"(6, 8, 4)","(9, 8, 4)",False,0,100
20250623_12,2025-06-23,"(1, 5, 6)","(1, 6, 2)",False,0,100
20250624_01,2025-06-24,"(6, 2, 8)","(6, 8, 2)",False,0,100
20250624_02,2025-06-24,"(7, 1, 9)","(1, 6, 7)",False,0,100
20250624_03,2025-06-24,"(4, 2, 8)","(4, 3, 5)",False,0,100
20250624_04,2025-06-24,"(1, 7, 4)","(1, 5, 2)",False,0,100
20250624_05,2025-06-24,"(3, 1, 7)","(3, 1, 2)",False,0,100
20250624_06,2025-06-24,"(2, 3, 1)","(5, 1, 6)",False,0,100
20250624_07,2025-06-24,"(7, 6, 8)","(6, 4, 7)",False,0,100
20250624_08,2025-06-24,"(6, 9, 1)","(6, 1, 9)",False,0,100
20250624_09,2025-06-24,"(2, 3, 4)","(3, 4, 7)",False,0,100
20250624_10,2025-06-24,"(6, 2, 9)","(2, 6, 5)",False,0,100
20250624_11,2025-06-24,"(12, 4, 1)","(5, 8, 1)",False,0,100
20250624_12,2025-06-24,"(8, 1, 5)","(1, 8, 2)",False,0,100
20250629_01,2025-06-29,"(1, 8, 10)","(3, 2, 8)",False,0,100
20250629_02,2025-06-29,"(5, 1, 10)","(2, 8, 5)",False,0,100
20250629_03,2025-06-29,"(1, 5, 2)","(4, 5, 7)",False,0,100
20250629_04,2025-06-29,"(2, 4, 7)","(2, 5, 7)",False,0,100
20250629_05,2025-06-29,"(7, 6, 2)","(2, 1, 7)",False,0,100
20250629_06,2025-06-29,"(8, 2, 7)","(7, 3, 4)",False,0,100
20250629_07,2025-06-29,"(3, 6, 7)","(3, 8, 4)",False,0,100
20250629_08,2025-06-29,"(4, 7, 8)","(8, 7, 6)",False,0,100
20250629_09,2025-06-29,"(3, 8, 10)","(3, 5, 10)",False,0,100
20250629_10,2025-06-29,"(2, 3, 10)","(4, 2, 5)",False,0,100
20250629_11,2025-06-29,"(8, 12, 7)","(1, 9, 4)",False,0,100
20250629_12,2025-06-29,"(11, 9, 10)","(11, 4, 10)",False,0,100
20250701_01,2025-07-01,"(8, 7, 10)","(8, 7, 6)",False,0,100
20250701_02,2025-07-01,"(8, 2, 3)","(8, 7, 2)",False,0,100
20250701_03,2025-07-01,"(5, 4, 9)","(6, 9, 7)",False,0,100
20250701_04,2025-07-01,"(4, 3, 10)","(4, 8, 6)",False,0,100
20250701_05,2025-07-01,"(9, 5, 1)","(9, 1, 6)",False,0,100
20250701_06,2025-07-01,"(6, 10, 2)","(6, 2, 8)",False,0,100
20250701_07,2025-07-01,"(6, 2, 7)","(6, 2, 4)",False,0,100
20250701_08,2025-07-01,"(9, 2, 8)","(9, 7, 11)",False,0,100
20250701_09,2025-07-01,"(5, 8, 4)","(5, 4, 8)",False,0,100
20250701_10,2025-07-01,"(3, 7, 4)","(7, 3, 6)",False,0,100
20250701_11,2025-07-01,"(7, 4, 3)","(4, 7, 2)",False,0,100
20250701_12,2025-07-01,"(1, 5, 9)","(1, 4, 7)",False,0,100
20250707_01,2025-07-07,"(3, 7, 4)","(4, 1, 9)",False,0,100
20250707_02,2025-07-07,"(2, 10, 3)","(10, 8, 2)",False,0,100
20250707_03,2025-07-07,"(2, 9, 6)","(2, 6, 3)",False,0,100
20250707_04,2025-07-07,"(6, 10, 2)","(6, 11, 1)",False,0,100
20250707_05,2025-07-07,"(1, 6, 7)","(1, 5, 9)",False,0,100
20250707_06,2025-07-07,"(8, 7, 1)","(8, 5, 2)",False,0,100
20250707_07,2025-07-07,"(3, 2, 6)","(2, 3, 5)",False,0,100
20250707_08,2025-07-07,"(5, 3, 8)","(5, 3, 4)",False,0,100
20250707_09,2025-07-07,"(3, 1, 5)","(3, 1, 7)",False,0,100
20250707_10,2025-07-07,"(3, 5, 7)","(3, 2, 5)",False,0,100
20250707_11,2025-07-07,"(8, 1, 9)","(8, 5, 1)",False,0,100
20250708_01,2025-07-08,"(4, 3, 8)","(4, 11, 9)",False,0,100
20250708_02,2025-07-08,"(3, 1, 8)","(3, 1, 9)",False,0,100
20250708_03,2025-07-08,"(7, 2, 5)","(3, 2, 8)",False,0,100
20250708_04,2025-07-08,"(8, 5, 9)","(8, 9, 3)",False,0,100
20250708_05,2025-07-08,"(4, 6, 7)","(6, 4, 7)",False,0,100
20250708_06,2025-07-08,"(3, 2, 4)","(3, 2, 9)",False,0,100
20250708_07,2025-07-08,"(5, 7, 1)","(5, 7, 1)",True,170,100
20250708_08,2025-07-08,"(4, 7, 1)","(4, 8, 6)",False,0,100
20250708_09,2025-07-08,"(10, 2, 9)","(2, 3, 1)",False,0,100
20250708_10,2025-07-08,"(7, 3, 4)","(4, 10, 3)",False,0,100
20250708_11,2025-07-08,"(6, 5, 9)","(1, 6, 7)",False,0,100
20250708_12,2025-07-08,"(8, 7, 2)","(8, 6, 10)",False,0,100
20250713_01,2025-07-13,"(5, 3, 7)","(7, 1, 3)",False,0,100
20250713_02,2025-07-13,"(3, 4, 7)","(4, 3, 5)",False,0,100
20250713_03,2025-07-13,"(5, 1, 3)","(5, 1, 3)",True,470,100
20250713_04,2025-07-13,"(3, 5, 2)","(3, 8, 2)",False,0,100
20250713_05,2025-07-13,"(6, 3, 4)","(4, 2, 3)",False,0,100
20250713_06,2025-07-13,"(3, 1, 7)","(3, 7, 4)",False,0,100
20250713_07,2025-07-13,"(10, 8, 4)","(8, 5, 10)",False,0,100
20250713_08,2025-07-13,"(7, 3, 5)","(7, 5, 3)",False,0,100
20250713_09,2025-07-13,"(2, 3, 1)","(2, 3, 1)",True,3050,100
20250713_10,2025-07-13,"(4, 5, 7)","(4, 8, 7)",False,0,100
20250713_11,2025-07-13,"(8, 4, 6)","(6, 4, 9)",False,0,100
20250713_12,2025-07-13,"(5, 1, 3)","(5, 1, 7)",False,0,100
20250715_01,2025-07-15,"(1, 8, 6)","(6, 4, 8)",False,0,100
20250715_02,2025-07-15,"(4, 8, 10)","(4, 8, 1)",False,0,100
20250715_03,2025-07-15,"(9, 11, 5)","(2, 9, 5)",False,0,100
20250715_04,2025-07-15,"(9, 1, 7)","(2, 1, 9)",False,0,100
20250715_05,2025-07-15,"(11, 1, 2)","(4, 3, 11)",False,0,100
20250715_06,2025-07-15,"(5, 6, 4)","(7, 3, 5)",False,0,100
20250715_07,2025-07-15,"(6, 5, 7)","(2, 6, 8)",False,0,100
20250715_08,2025-07-15,"(4, 3, 1)","(4, 3, 1)",True,1830,100
20250715_09,2025-07-15,"(12, 1, 2)","(2, 12, 4)",False,0,100
20250715_10,2025-07-15,"(2, 1, 4)","(1, 5, 8)",False,0,100
20250715_11,2025-07-15,"(5, 1, 2)","(5, 1, 2)",True,890,100
20250715_12,2025-07-15,"(5, 7, 1)","(5, 6, 1)",False,0,100
20250720_01,2025-07-20,"(3, 1, 4)","(1, 3, 5)",False,0,100
20250720_02,2025-07-20,"(3, 5, 2)","(3, 5, 2)",True,210,100
20250720_03,2025-07-20,"(6, 2, 9)","(2, 5, 6)",False,0,100
20250720_04,2025-07-20,"(8, 3, 9)","(8, 9, 3)",False,0,100
20250720_05,2025-07-20,"(9, 6, 2)","(9, 6, 1)",False,0,100
20250720_06,2025-07-20,"(6, 3, 7)","(8, 2, 4)",False,0,100
20250720_07,2025-07-20,"(8, 5, 3)","(5, 3, 6)",False,0,100
20250720_08,2025-07-20,"(6, 7, 5)","(6, 5, 1)",False,0,100
20250720_09,2025-07-20,"(6, 7, 1)","(6, 2, 1)",False,0,100
20250720_10,2025-07-20,"(2, 3, 5)","(1, 3, 8)",False,0,100
20250720_11,2025-07-20,"(1, 4, 2)","(1, 6, 2)",False,0,100
20250720_12,2025-07-20,"(3, 2, 1)","(3, 1, 4)",False,0,100
20250721_01,2025-07-21,"(11, 12, 10)","(10, 12, 7)",False,0,100
20250721_02,2025-07-21,"(5, 6, 9)","(6, 5, 3)",False,0,100
20250721_03,2025-07-21,"(3, 4, 5)","(3, 6, 5)",False,0,100
20250721_04,2025-07-21,"(8, 5, 7)","(2, 5, 10)",False,0,100
20250721_05,2025-07-21,"(5, 6, 2)","(5, 2, 6)",False,0,100
20250721_06,2025-07-21,"(5, 9, 1)","(5, 4, 3)",False,0,100
20250721_07,2025-07-21,"(5, 4, 3)","(5, 1, 4)",False,0,100
20250721_08,2025-07-21,"(9, 6, 7)","(4, 9, 1)",False,0,100
20250721_09,2025-07-21,"(1, 8, 2)","(2, 8, 4)",False,0,100
20250721_10,2025-07-21,"(7, 4, 6)","(7, 6, 3)",False,0,100
20250721_11,2025-07-21,"(4, 3, 1)","(4, 3, 2)",False,0,100
20250727_01,2025-07-27,"(4, 5, 7)","(1, 4, 2)",False,0,100
20250727_02,2025-07-27,"(4, 8, 3)","(4, 7, 2)",False,0,100
20250727_03,2025-07-27,"(6, 3, 1)","(1, 3, 2)",False,0,100
20250727_04,2025-07-27,"(1, 8, 9)","(3, 4, 6)",False,0,100
20250727_05,2025-07-27,"(1, 8, 3)","(8, 1, 4)",False,0,100
20250727_06,2025-07-27,"(3, 5, 6)","(5, 3, 7)",False,0,100
20250727_07,2025-07-27,"(6, 9, 5)","(1, 6, 4)",False,0,100
20250727_08,2025-07-27,"(7, 2, 3)","(2, 1, 7)",False,0,100
20250727_09,2025-07-27,"(1, 6, 5)","(1, 9, 2)",False,0,100
20250727_10,2025-07-27,"(2, 1, 8)","(2, 3, 11)",False,0,100
20250727_11,2025-07-27,"(2, 1, 4)","(4, 3, 2)",False,0,100
20250727_12,2025-07-27,"(2, 7, 5)","(2, 5, 9)",False,0,100
20250729_01,2025-07-29,"(4, 8, 5)","(8, 4, 1)",False,0,100
20250729_02,2025-07-29,"(3, 6, 8)","(3, 7, 8)",False,0,100
20250729_03,2025-07-29,"(2, 8, 1)","(2, 3, 5)",False,0,100
20250729_04,2025-07-29,"(8, 5, 7)","(8, 7, 5)",False,0,100
20250729_05,2025-07-29,"(1, 4, 8)","(2, 1, 4)",False,0,100
20250729_06,2025-07-29,"(4, 6, 7)","(6, 7, 3)",False,0,100
20250729_07,2025-07-29,"(3, 8, 6)","(5, 2, 8)",False,0,100
20250729_08,2025-07-29,"(6, 9, 1)","(6, 2, 1)",False,0,100
20250729_09,2025-07-29,"(1, 4, 6)","(5, 8, 7)",False,0,100
20250729_10,2025-07-29,"(7, 4, 5)","(6, 7, 2)",False,0,100
20250729_11,2025-07-29,"(7, 2, 4)","(7, 4, 2)",False,0,100
20250729_12,2025-07-29,"(2, 3, 4)","(2, 3, 5)",False,0,100
20250804_01,2025-08-04,"(1, 9, 3)","(1, 3, 9)",False,0,100
20250804_02,2025-08-04,"(7, 6, 1)","(7, 1, 6)",False,0,100
20250804_03,2025-08-04,"(8, 7, 5)","(8, 7, 5)",True,520,100
20250804_04,2025-08-04,"(6, 5, 2)","(6, 7, 8)",False,0,100
20250804_05,2025-08-04,"(5, 4, 2)","(2, 8, 6)",False,0,100
20250804_06,2025-08-04,"(3, 2, 6)","(2, 3, 6)",False,0,100
20250804_07,2025-08-04,"(6, 9, 3)","(9, 2, 3)",False,0,100
20250804_08,2025-08-04,"(4, 2, 5)","(4, 7, 1)",False,0,100
20250804_09,2025-08-04,"(4, 6, 1)","(4, 3, 5)",False,0,100
20250804_10,2025-08-04,"(5, 1, 7)","(1, 2, 7)",False,0,100
20250804_11,2025-08-04,"(1, 2, 5)","(2, 1, 5)",False,0,100
20250804_12,2025-08-04,"(3, 4, 7)","(5, 3, 2)",False,0,100
20250805_01,2025-08-05,"(6, 11, 7)","(7, 11, 6)",False,0,100
20250805_02,2025-08-05,"(1, 3, 4)","(3, 6, 4)",False,0,100
20250805_03,2025-08-05,"(3, 6, 1)","(3, 6, 1)",True,560,100
20250805_04,2025-08-05,"(7, 2, 6)","(8, 3, 2)",False,0,100
20250805_05,2025-08-05,"(7, 2, 5)","(7, 6, 1)",False,0,100
20250805_06,2025-08-05,"(6, 8, 3)","(3, 8, 5)",False,0,100
20250805_07,2025-08-05,"(4, 7, 5)","(3, 5, 2)",False,0,100
20250805_08,2025-08-05,"(2, 5, 3)","(7, 2, 8)",False,0,100
20250805_09,2025-08-05,"(2, 4, 8)","(3, 2, 6)",False,0,100
20250805_10,2025-08-05,"(2, 10, 5)","(6, 5, 10)",False,0,100
20250805_11,2025-08-05,"(7, 2, 10)","(3, 9, 2)",False,0,100
20250805_12,2025-08-05,"(1, 5, 4)","(3, 9, 2)",False,0,100
20250907_01,2025-09-07,"(8, 4, 2)","(8, 4, 2)",True,120,100
20250907_02,2025-09-07,"(1, 9, 6)","(9, 1, 6)",False,0,100
20250907_03,2025-09-07,"(9, 5, 7)","(9, 10, 5)",False,0,100
20250907_04,2025-09-07,"(6, 9, 3)","(6, 8, 3)",False,0,100
20250907_05,2025-09-07,"(3, 2, 7)","(9, 3, 6)",False,0,100
20250907_06,2025-09-07,"(3, 10, 6)","(6, 3, 1)",False,0,100
20250907_07,2025-09-07,"(1, 6, 10)","(6, 1, 7)",False,0,100
20250907_08,2025-09-07,"(7, 11, 5)","(7, 6, 2)",False,0,100
20250907_09,2025-09-07,"(5, 6, 8)","(8, 3, 6)",False,0,100
20250907_10,2025-09-07,"(2, 7, 9)","(7, 6, 4)",False,0,100
20250907_11,2025-09-07,"(1, 6, 9)","(4, 9, 1)",False,0,100
20250907_12,2025-09-07,"(8, 12, 10)","(8, 12, 3)",False,0,100
20250908_01,2025-09-08,"(1, 3, 11)","(3, 1, 5)",False,0,100
20250908_02,2025-09-08,"(2, 1, 3)","(2, 1, 3)",True,130,100
20250908_03,2025-09-08,"(3, 6, 7)","(3, 6, 10)",False,0,100
20250908_04,2025-09-08,"(10, 11, 2)","(11, 10, 6)",False,0,100
20250908_05,2025-09-08,"(6, 1, 7)","(7, 6, 8)",False,0,100
20250908_06,2025-09-08,"(10, 1, 4)","(9, 4, 6)",False,0,100
20250908_07,2025-09-08,"(5, 4, 3)","(5, 11, 2)",False,0,100
20250908_08,2025-09-08,"(6, 10, 5)","(5, 7, 6)",False,0,100
20250908_09,2025-09-08,"(4, 3, 9)","(1, 6, 4)",False,0,100
20250908_10,2025-09-08,"(4, 5, 10)","(10, 9, 5)",False,0,100
20250908_11,2025-09-08,"(9, 10, 2)","(2, 1, 9)",False,0,100
20250908_12,2025-09-08,"(8, 9, 4)","(3, 5, 9)",False,0,100
20250913_01,2025-09-13,"(9, 4, 10)","(2, 9, 10)",False,0,100
20250913_02,2025-09-13,"(6, 9, 3)","(6, 3, 9)",False,0,100
20250913_03,2025-09-13,"(4, 6, 9)","(6, 4, 9)",False,0,100
20250913_04,2025-09-13,"(4, 7, 3)","(4, 3, 7)",False,0,100
20250913_05,2025-09-13,"(3, 8, 10)","(10, 8, 2)",False,0,100
20250913_06,2025-09-13,"(2, 10, 3)","(2, 10, 9)",False,0,100
20250913_07,2025-09-13,"(5, 2, 1)","(5, 1, 2)",False,0,100
20250913_08,2025-09-13,"(1, 4, 8)","(3, 1, 4)",False,0,100
20250913_09,2025-09-13,"(6, 4, 8)","(6, 4, 3)",False,0,100
20250913_10,2025-09-13,"(5, 7, 3)","(4, 3, 5)",False,0,100
20250913_11,2025-09-13,"(3, 10, 11)","(11, 10, 1)",False,0,100
20250913_12,2025-09-13,"(9, 6, 2)","(6, 10, 9)",False,0,100
20250914_01,2025-09-14,"(8, 5, 2)","(4, 8, 2)",False,0,100
20250914_02,2025-09-14,"(4, 1, 3)","(1, 4, 2)",False,0,100
20250914_03,2025-09-14,"(6, 3, 2)","(3, 1, 6)",False,0,100
20250914_04,2025-09-14,"(10, 4, 1)","(1, 4, 2)",False,0,100
20250914_05,2025-09-14,"(1, 7, 5)","(1, 3, 7)",False,0,100
20250914_06,2025-09-14,"(8, 2, 4)","(2, 4, 6)",False,0,100
20250914_07,2025-09-14,"(4, 3, 2)","(3, 4, 7)",False,0,100
20250914_08,2025-09-14,"(5, 6, 7)","(6, 4, 8)",False,0,100
20250914_09,2025-09-14,"(5, 2, 11)","(3, 1, 6)",False,0,100
20250914_10,2025-09-14,"(2, 8, 3)","(2, 1, 6)",False,0,100
20250914_11,2025-09-14,"(1, 2, 9)","(4, 1, 2)",False,0,100
20250914_12,2025-09-14,"(2, 1, 5)","(1, 2, 3)",False,0,100
20250920_01,2025-09-20,"(3, 8, 9)","(5, 9, 1)",False,0,100
20250920_02,2025-09-20,"(2, 4, 11)","(2, 3, 9)",False,0,100
20250920_03,2025-09-20,"(4, 1, 3)","(4, 1, 2)",False,0,100
20250920_04,2025-09-20,"(1, 3, 2)","(5, 6, 3)",False,0,100
20250920_05,2025-09-20,"(1, 3, 6)","(1, 5, 3)",False,0,100
20250920_06,2025-09-20,"(3, 9, 2)","(3, 1, 4)",False,0,100
20250920_07,2025-09-20,"(4, 2, 6)","(4, 6, 2)",False,0,100
20250920_08,2025-09-20,"(7, 1, 2)","(7, 4, 2)",False,0,100
20250920_09,2025-09-20,"(4, 3, 2)","(3, 2, 1)",False,0,100
20250920_10,2025-09-20,"(4, 8, 3)","(1, 4, 5)",False,0,100
20250920_11,2025-09-20,"(6, 9, 1)","(6, 1, 9)",False,0,100
20250920_12,2025-09-20,"(8, 1, 9)","(8, 9, 1)",False,0,100
20250923_01,2025-09-23,"(3, 8, 5)","(3, 8, 4)",False,0,100
20250923_02,2025-09-23,"(8, 4, 1)","(8, 6, 4)",False,0,100
20250923_03,2025-09-23,"(4, 5, 3)","(5, 4, 1)",False,0,100
20250923_04,2025-09-23,"(6, 9, 10)","(6, 9, 3)",False,0,100
20250923_05,2025-09-23,"(2, 4, 5)","(2, 4, 5)",True,110,100
20250923_06,2025-09-23,"(10, 5, 11)","(10, 11, 1)",False,0,100
20250923_07,2025-09-23,"(5, 1, 8)","(5, 1, 4)",False,0,100
20250923_08,2025-09-23,"(5, 8, 2)","(8, 5, 2)",False,0,100
20250923_09,2025-09-23,"(4, 8, 5)","(4, 5, 6)",False,0,100
20250923_10,2025-09-23,"(3, 2, 5)","(3, 4, 5)",False,0,100
20250923_11,2025-09-23,"(2, 5, 9)","(9, 1, 6)",False,0,100
20250923_12,2025-09-23,"(7, 10, 4)","(10, 7, 4)",False,0,100
20250929_01,2025-09-29,"(2, 7, 3)","(3, 9, 2)",False,0,100
20250929_02,2025-09-29,"(6, 8, 2)","(8, 6, 7)",False,0,100
20250929_03,2025-09-29,"(9, 5, 6)","(9, 1, 8)",False,0,100
20250929_04,2025-09-29,"(3, 7, 5)","(5, 3, 7)",False,0,100
20250929_05,2025-09-29,"(3, 5, 4)","(3, 5, 6)",False,0,100
20250929_06,2025-09-29,"(5, 9, 4)","(5, 9, 3)",False,0,100
20250929_07,2025-09-29,"(3, 6, 2)","(3, 2, 6)",False,0,100
20250929_08,2025-09-29,"(3, 8, 6)","(3, 4, 8)",False,0,100
20250929_09,2025-09-29,"(10, 6, 3)","(10, 4, 3)",False,0,100
20250929_10,2025-09-29,"(3, 6, 4)","(3, 6, 5)",False,0,100
20250929_11,2025-09-29,"(6, 2, 1)","(6, 4, 2)",False,0,100
20250929_12,2025-09-29,"(7, 1, 3)","(7, 1, 4)",False,0,100
20250930_01,2025-09-30,"(10, 8, 1)","(4, 1, 8)",False,0,100
20250930_02,2025-09-30,"(2, 8, 6)","(2, 8, 1)",False,0,100
20250930_03,2025-09-30,"(1, 6, 10)","(6, 3, 11)",False,0,100
20250930_04,2025-09-30,"(2, 10, 5)","(2, 1, 5)",False,0,100
20250930_05,2025-09-30,"(7, 10, 2)","(7, 1, 4)",False,0,100
20250930_06,2025-09-30,"(2, 7, 5)","(2, 5, 1)",False,0,100
20250930_07,2025-09-30,"(5, 6, 1)","(5, 1, 3)",False,0,100
20250930_08,2025-09-30,"(3, 5, 1)","(3, 5, 4)",False,0,100
20250930_09,2025-09-30,"(3, 9, 2)","(1, 8, 2)",False,0,100
20250930_10,2025-09-30,"(12, 11, 1)","(1, 2, 12)",False,0,100
20250930_11,2025-09-30,"(9, 3, 1)","(3, 4, 1)",False,0,100
20250930_12,2025-09-30,"(2, 3, 5)","(3, 1, 4)",False,0,100
20251006_01,2025-10-06,"(9, 4, 2)","(3, 9, 2)",False,0,100
20251006_02,2025-10-06,"(1, 2, 7)","(2, 8, 7)",False,0,100
20251006_03,2025-10-06,"(6, 8, 4)","(6, 1, 4)",False,0,100
20251006_04,2025-10-06,"(2, 4, 6)","(2, 6, 4)",False,0,100
20251006_05,2025-10-06,"(4, 3, 1)","(3, 4, 1)",False,0,100
20251006_06,2025-10-06,"(3, 6, 1)","(6, 3, 1)",False,0,100
20251006_07,2025-10-06,"(8, 2, 3)","(2, 7, 1)",False,0,100
20251006_08,2025-10-06,"(4, 1, 5)","(4, 1, 5)",True,620,100
20251006_09,2025-10-06,"(2, 4, 3)","(1, 2, 4)",False,0,100
20251006_10,2025-10-06,"(4, 11, 2)","(4, 11, 3)",False,0,100
20251006_11,2025-10-06,"(2, 8, 7)","(5, 3, 2)",False,0,100
20251007_01,2025-10-07,"(4, 5, 8)","(4, 3, 5)",False,0,100
20251007_02,2025-10-07,"(8, 5, 7)","(2, 3, 5)",False,0,100
20251007_03,2025-10-07,"(4, 3, 2)","(3, 4, 1)",False,0,100
20251007_04,2025-10-07,"(3, 8, 2)","(3, 1, 2)",False,0,100
20251007_05,2025-10-07,"(6, 5, 3)","(6, 8, 3)",False,0,100
20251007_06,2025-10-07,"(3, 7, 6)","(3, 4, 6)",False,0,100
20251007_07,2025-10-07,"(6, 8, 7)","(1, 6, 3)",False,0,100
20251007_08,2025-10-07,"(2, 8, 7)","(8, 5, 2)",False,0,100
20251007_09,2025-10-07,"(2, 6, 4)","(6, 2, 1)",False,0,100
20251007_10,2025-10-07,"(8, 3, 9)","(8, 2, 3)",False,0,100
20251007_11,2025-10-07,"(5, 10, 9)","(7, 5, 1)",False,0,100
20251007_12,2025-10-07,"(4, 1, 5)","(1, 6, 7)",False,0,100
20251011_01,2025-10-11,"(6, 7, 3)","(9, 5, 6)",False,0,100
20251011_02,2025-10-11,"(4, 3, 8)","(8, 1, 6)",False,0,100
20251011_03,2025-10-11,"(3, 1, 2)","(3, 2, 1)",False,0,100
20251011_04,2025-10-11,"(3, 5, 7)","(3, 5, 2)",False,0,100
20251011_05,2025-10-11,"(2, 1, 7)","(7, 2, 6)",False,0,100
20251011_06,2025-10-11,"(5, 4, 1)","(1, 5, 4)",False,0,100
20251011_07,2025-10-11,"(5, 10, 11)","(2, 11, 5)",False,0,100
20251011_08,2025-10-11,"(6, 8, 7)","(6, 8, 7)",True,580,100
20251011_09,2025-10-11,"(2, 3, 4)","(2, 8, 5)",False,0,100
20251011_10,2025-10-11,"(3, 8, 10)","(1, 3, 10)",False,0,100
20251012_01,2025-10-12,"(6, 5, 4)","(6, 1, 4)",False,0,100
20251012_02,2025-10-12,"(2, 3, 9)","(2, 3, 1)",False,0,100
20251012_03,2025-10-12,"(4, 7, 2)","(7, 3, 4)",False,0,100
20251012_04,2025-10-12,"(4, 2, 6)","(4, 7, 2)",False,0,100
20251012_05,2025-10-12,"(4, 3, 1)","(4, 3, 2)",False,0,100
20251012_06,2025-10-12,"(4, 5, 6)","(4, 5, 7)",False,0,100
20251012_07,2025-10-12,"(8, 3, 1)","(1, 3, 8)",False,0,100
20251012_08,2025-10-12,"(1, 3, 7)","(1, 10, 7)",False,0,100
20251012_09,2025-10-12,"(6, 5, 2)","(5, 6, 10)",False,0,100
20251012_10,2025-10-12,"(2, 8, 1)","(2, 1, 6)",False,0,100
20251014_01,2025-10-14,"(4, 1, 6)","(1, 4, 8)",False,0,100
20251014_02,2025-10-14,"(6, 1, 3)","(1, 4, 3)",False,0,100
20251014_03,2025-10-14,"(2, 6, 3)","(3, 8, 6)",False,0,100
20251014_04,2025-10-14,"(4, 8, 7)","(7, 3, 2)",False,0,100
20251014_05,2025-10-14,"(8, 2, 1)","(8, 2, 1)",True,1140,100
20251014_06,2025-10-14,"(8, 1, 3)","(8, 1, 6)",False,0,100
20251014_07,2025-10-14,"(1, 6, 7)","(1, 6, 5)",False,0,100
20251014_08,2025-10-14,"(4, 7, 2)","(4, 3, 7)",False,0,100
20251014_09,2025-10-14,"(5, 6, 7)","(6, 5, 7)",False,0,100
20251014_10,2025-10-14,"(8, 6, 1)","(1, 3, 2)",False,0,100
20251014_11,2025-10-14,"(5, 2, 4)","(5, 3, 1)",False,0,100
20251019_01,2025-10-19,"(5, 6, 7)","(7, 5, 6)",False,0,100
20251019_02,2025-10-19,"(5, 1, 8)","(8, 5, 6)",False,0,100
20251019_03,2025-10-19,"(7, 5, 6)","(7, 1, 5)",False,0,100
20251019_04,2025-10-19,"(3, 4, 6)","(4, 3, 5)",False,0,100
20251019_05,2025-10-19,"(3, 8, 5)","(4, 3, 8)",False,0,100
20251019_06,2025-10-19,"(7, 4, 1)","(7, 4, 1)",True,790,100
20251019_07,2025-10-19,"(2, 5, 7)","(8, 5, 7)",False,0,100
20251019_08,2025-10-19,"(4, 3, 8)","(4, 2, 7)",False,0,100
20251019_09,2025-10-19,"(6, 2, 5)","(6, 8, 5)",False,0,100
20251019_10,2025-10-19,"(5, 7, 4)","(5, 2, 4)",False,0,100
20251021_01,2025-10-21,"(2, 1, 6)","(1, 5, 2)",False,0,100
20251021_02,2025-10-21,"(2, 1, 3)","(7, 3, 4)",False,0,100
20251021_03,2025-10-21,"(5, 1, 2)","(1, 7, 5)",False,0,100
20251021_04,2025-10-21,"(1, 8, 6)","(1, 6, 8)",False,0,100
20251021_05,2025-10-21,"(5, 8, 4)","(5, 8, 1)",False,0,100
20251021_06,2025-10-21,"(7, 3, 2)","(7, 3, 5)",False,0,100
20251021_07,2025-10-21,"(6, 5, 4)","(6, 7, 5)",False,0,100
20251021_08,2025-10-21,"(1, 10, 11)","(1, 9, 2)",False,0,100
20251021_09,2025-10-21,"(1, 3, 5)","(1, 3, 5)",True,730,100
20251021_10,2025-10-21,"(5, 6, 1)","(5, 4, 7)",False,0,100
20251021_11,2025-10-21,"(8, 4, 2)","(1, 2, 7)",False,0,100
20251021_12,2025-10-21,"(2, 1, 5)","(2, 7, 1)",False,0,100
20251025_01,2025-10-25,"(5, 6, 9)","(5, 10, 2)",False,0,100
20251025_02,2025-10-25,"(6, 2, 4)","(2, 4, 6)",False,0,100
20251025_03,2025-10-25,"(3, 4, 2)","(3, 2, 1)",False,0,100
20251025_04,2025-10-25,"(8, 2, 3)","(3, 8, 2)",False,0,100
20251025_05,2025-10-25,"(2, 4, 5)","(4, 1, 5)",False,0,100
20251025_06,2025-10-25,"(2, 4, 5)","(2, 4, 5)",True,270,100
20251025_07,2025-10-25,"(10, 7, 3)","(3, 6, 10)",False,0,100
20251025_08,2025-10-25,"(4, 3, 2)","(4, 3, 7)",False,0,100
20251025_09,2025-10-25,"(10, 4, 3)","(3, 4, 10)",False,0,100
20251025_10,2025-10-25,"(2, 9, 3)","(2, 1, 3)",False,0,100
20251027_01,2025-10-27,"(3, 4, 2)","(3, 4, 1)",False,0,100
20251027_02,2025-10-27,"(8, 2, 4)","(2, 8, 6)",False,0,100
20251027_03,2025-10-27,"(3, 1, 6)","(6, 3, 4)",False,0,100
20251027_04,2025-10-27,"(3, 4, 1)","(3, 4, 1)",True,360,100
20251027_05,2025-10-27,"(7, 8, 5)","(5, 4, 8)",False,0,100
20251027_06,2025-10-27,"(4, 2, 6)","(4, 5, 2)",False,0,100
20251027_07,2025-10-27,"(1, 3, 6)","(1, 6, 4)",False,0,100
20251027_08,2025-10-27,"(3, 1, 4)","(6, 3, 8)",False,0,100
20251027_09,2025-10-27,"(8, 11, 5)","(8, 4, 10)",False,0,100
20251027_10,2025-10-27,"(3, 6, 4)","(3, 1, 8)",False,0,100
20251027_11,2025-10-27,"(3, 4, 5)","(3, 4, 5)",True,310,100
20251027_12,2025-10-27,"(3, 10, 9)","(1, 5, 4)",False,0,100
20251028_01,2025-10-28,"(2, 10, 8)","(2, 10, 8)",True,120,100
20251028_02,2025-10-28,"(6, 8, 2)","(7, 6, 8)",False,0,100
20251028_03,2025-10-28,"(7, 3, 8)","(3, 7, 8)",False,0,100
20251028_04,2025-10-28,"(5, 7, 8)","(5, 1, 7)",False,0,100
20251028_06,2025-10-28,"(4, 5, 2)","(4, 6, 1)",False,0,100
20251028_07,2025-10-28,"(1, 4, 2)","(1, 7, 2)",False,0,100
20251028_08,2025-10-28,"(9, 8, 4)","(3, 9, 5)",False,0,100
20251028_09,2025-10-28,"(5, 2, 1)","(5, 3, 4)",False,0,100
20251028_10,2025-10-28,"(2, 4, 8)","(2, 4, 7)",False,0,100
20251028_11,2025-10-28,"(5, 1, 7)","(5, 8, 7)",False,0,100
20251028_12,2025-10-28,"(1, 2, 6)","(11, 9, 1)",False,0,100
20251104_01,2025-11-04,"(6, 8, 2)","(6, 8, 5)",False,0,100
20251104_02,2025-11-04,"(9, 4, 5)","(9, 6, 1)",False,0,100
20251104_03,2025-11-04,"(4, 7, 6)","(7, 6, 4)",False,0,100
20251104_04,2025-11-04,"(3, 2, 6)","(4, 1, 3)",False,0,100
20251104_05,2025-11-04,"(8, 5, 2)","(5, 8, 3)",False,0,100
20251104_06,2025-11-04,"(7, 6, 3)","(7, 6, 10)",False,0,100
20251104_07,2025-11-04,"(3, 4, 7)","(3, 4, 1)",False,0,100
20251104_08,2025-11-04,"(6, 9, 8)","(3, 6, 8)",False,0,100
20251104_09,2025-11-04,"(5, 9, 6)","(5, 10, 2)",False,0,100
20251104_10,2025-11-04,"(9, 8, 1)","(6, 1, 4)",False,0,100
20251105_01,2025-11-05,"(3, 8, 1)","(8, 1, 9)",False,0,100
20251105_02,2025-11-05,"(3, 1, 6)","(1, 3, 2)",False,0,100
20251105_03,2025-11-05,"(8, 1, 7)","(1, 3, 8)",False,0,100
20251105_04,2025-11-05,"(4, 7, 5)","(4, 1, 5)",False,0,100
20251105_05,2025-11-05,"(1, 8, 2)","(8, 2, 1)",False,0,100
20251105_06,2025-11-05,"(4, 8, 2)","(4, 1, 3)",False,0,100
20251105_07,2025-11-05,"(4, 2, 6)","(2, 4, 1)",False,0,100
20251105_08,2025-11-05,"(4, 1, 2)","(4, 3, 7)",False,0,100
20251105_09,2025-11-05,"(7, 1, 4)","(1, 11, 7)",False,0,100
20251105_10,2025-11-05,"(9, 8, 1)","(3, 7, 1)",False,0,100
20251105_11,2025-11-05,"(10, 1, 8)","(10, 2, 3)",False,0,100
20251109_01,2025-11-09,"(1, 8, 5)","(1, 5, 6)",False,0,100
20251109_02,2025-11-09,"(6, 3, 7)","(3, 6, 1)",False,0,100
20251109_03,2025-11-09,"(3, 6, 1)","(3, 4, 5)",False,0,100
20251109_04,2025-11-09,"(3, 1, 6)","(6, 3, 8)",False,0,100
20251109_05,2025-11-09,"(4, 5, 1)","(4, 8, 1)",False,0,100
20251109_06,2025-11-09,"(1, 2, 5)","(5, 1, 2)",False,0,100
20251109_07,2025-11-09,"(3, 4, 6)","(3, 5, 1)",False,0,100
20251109_08,2025-11-09,"(7, 6, 5)","(6, 7, 2)",False,0,100
20251109_09,2025-11-09,"(6, 1, 8)","(6, 2, 8)",False,0,100
20251109_10,2025-11-09,"(8, 4, 2)","(8, 4, 5)",False,0,100
20251109_11,2025-11-09,"(4, 9, 6)","(2, 5, 10)",False,0,100
20251110_01,2025-11-10,"(7, 1, 8)","(1, 7, 4)",False,0,100
20251110_02,2025-11-10,"(6, 2, 3)","(2, 6, 3)",False,0,100
20251110_03,2025-11-10,"(1, 4, 7)","(4, 2, 1)",False,0,100
20251110_04,2025-11-10,"(4, 6, 1)","(4, 2, 3)",False,0,100
20251110_05,2025-11-10,"(7, 1, 8)","(7, 8, 1)",False,0,100
20251110_06,2025-11-10,"(4, 6, 1)","(1, 5, 2)",False,0,100
20251110_07,2025-11-10,"(6, 5, 1)","(6, 7, 5)",False,0,100
20251110_08,2025-11-10,"(6, 7, 1)","(6, 7, 3)",False,0,100
20251110_09,2025-11-10,"(3, 5, 9)","(8, 9, 3)",False,0,100
20251110_10,2025-11-10,"(8, 7, 5)","(6, 3, 8)",False,0,100
20251110_11,2025-11-10,"(3, 5, 9)","(5, 2, 1)",False,0,100
